This file contains any messages produced by compilers while
running configure, to aid debugging if configure makes a mistake.

It was created by configure, which was
generated by GNU Autoconf 2.52.20240618.  Invocation command line was

  $ ./configure --prefix=/usr PKG_CONFIG_PATH=/home/mearvk/IdeaProjects/Ubuntu.Determinant.Alpha.Restricted/userland/x11/_build/sysroot/usr/lib/pkgconfig:/home/mearvk/IdeaProjects/Ubuntu.Determinant.Alpha.Restricted/userland/x11/_build/sysroot/usr/lib/x86_64-linux-gnu/pkgconfig:/home/mearvk/IdeaProjects/Ubuntu.Determinant.Alpha.Restricted/userland/x11/_build/sysroot/usr/share/pkgconfig:/usr/lib/x86_64-linux-gnu/pkgconfig:/usr/lib/pkgconfig:/usr/share/pkgconfig CFLAGS=-I/home/mearvk/IdeaProjects/Ubuntu.Determinant.Alpha.Restricted/userland/x11/_build/sysroot/usr/include -w LDFLAGS=-L/home/mearvk/IdeaProjects/Ubuntu.Determinant.Alpha.Restricted/userland/x11/_build/sysroot/usr/lib -Wl,-rpath-link,/home/mearvk/IdeaProjects/Ubuntu.Determinant.Alpha.Restricted/userland/x11/_build/sysroot/usr/lib

## ---------- ##
## Platform.  ##
## ---------- ##

hostname = mearvk-X900-A8800
uname -m = x86_64
uname -r = 6.8.0-136-generic
uname -s = Linux
uname -v = #136-Ubuntu SMP PREEMPT_DYNAMIC Wed Jul  1 21:53:05 UTC 2026

/usr/bin/uname -p = x86_64
/bin/uname -X     = unknown

/bin/arch              = x86_64
/usr/bin/arch -k       = unknown
/usr/convex/getsysinfo = unknown
hostinfo               = unknown
/bin/machine           = unknown
/usr/bin/oslevel       = unknown
/bin/universe          = unknown

PATH = /home/mearvk/.opencode/bin:/home/mearvk/.nvm/versions/node/v24.16.0/bin:/home/mearvk/.cargo/bin:/home/mearvk/.local/bin:/usr/local/sbin:/usr/local/bin:/usr/sbin:/usr/bin:/sbin:/bin:/usr/games:/usr/local/games:/snap/bin:/snap/bin

## ------------ ##
## Core tests.  ##
## ------------ ##

configure:1125: PATH=".;."; conftest.sh
./configure: 1126: conftest.sh: not found
configure:1128: $? = 127
configure:1170: checking build system type
configure:1188: result: x86_64-pc-linux-gnu
configure:1196: checking host system type
configure:1210: result: x86_64-pc-linux-gnu
configure:1236: result: Configuring for linux-gnu
configure:1302: checking for gcc
configure:1317: found /usr/bin/gcc
configure:1325: result: gcc
configure:1553: checking for C compiler version
configure:1556: gcc --version </dev/null >&5
gcc (Ubuntu 13.3.0-6ubuntu2~24.04.1) 13.3.0
Copyright (C) 2023 Free Software Foundation, Inc.
This is free software; see the source for copying conditions.  There is NO
warranty; not even for MERCHANTABILITY or FITNESS FOR A PARTICULAR PURPOSE.

configure:1559: $? = 0
configure:1561: gcc -v </dev/null >&5
Using built-in specs.
COLLECT_GCC=gcc
COLLECT_LTO_WRAPPER=/usr/libexec/gcc/x86_64-linux-gnu/13/lto-wrapper
OFFLOAD_TARGET_NAMES=nvptx-none:amdgcn-amdhsa
OFFLOAD_TARGET_DEFAULT=1
Target: x86_64-linux-gnu
Configured with: ../src/configure -v --with-pkgversion='Ubuntu 13.3.0-6ubuntu2~24.04.1' --with-bugurl=file:///usr/share/doc/gcc-13/README.Bugs --enable-languages=c,ada,c++,go,d,fortran,objc,obj-c++,m2 --prefix=/usr --with-gcc-major-version-only --program-suffix=-13 --program-prefix=x86_64-linux-gnu- --enable-shared --enable-linker-build-id --libexecdir=/usr/libexec --without-included-gettext --enable-threads=posix --libdir=/usr/lib --enable-nls --enable-bootstrap --enable-clocale=gnu --enable-libstdcxx-debug --enable-libstdcxx-time=yes --with-default-libstdcxx-abi=new --enable-libstdcxx-backtrace --enable-gnu-unique-object --disable-vtable-verify --enable-plugin --enable-default-pie --with-system-zlib --enable-libphobos-checking=release --with-target-system-zlib=auto --enable-objc-gc=auto --enable-multiarch --disable-werror --enable-cet --with-arch-32=i686 --with-abi=m64 --with-multilib-list=m32,m64,mx32 --enable-multilib --with-tune=generic --enable-offload-targets=nvptx-none=/build/gcc-13-EldibY/gcc-13-13.3.0/debian/tmp-nvptx/usr,amdgcn-amdhsa=/build/gcc-13-EldibY/gcc-13-13.3.0/debian/tmp-gcn/usr --enable-offload-defaulted --without-cuda-driver --enable-checking=release --build=x86_64-linux-gnu --host=x86_64-linux-gnu --target=x86_64-linux-gnu --with-build-config=bootstrap-lto-lean --enable-link-serialization=2
Thread model: posix
Supported LTO compression algorithms: zlib zstd
gcc version 13.3.0 (Ubuntu 13.3.0-6ubuntu2~24.04.1) 
configure:1564: $? = 0
configure:1566: gcc -V </dev/null >&5
gcc: error: unrecognized command-line option '-V'
gcc: fatal error: no input files
compilation terminated.
configure:1569: $? = 1
configure:1589: checking for C compiler default output
configure:1592: gcc -I/home/mearvk/IdeaProjects/Ubuntu.Determinant.Alpha.Restricted/userland/x11/_build/sysroot/usr/include -w  -L/home/mearvk/IdeaProjects/Ubuntu.Determinant.Alpha.Restricted/userland/x11/_build/sysroot/usr/lib -Wl,-rpath-link,/home/mearvk/IdeaProjects/Ubuntu.Determinant.Alpha.Restricted/userland/x11/_build/sysroot/usr/lib conftest.c  >&5
configure:1595: $? = 0
configure:1624: result: a.out
configure:1629: checking whether the C compiler works
configure:1635: ./a.out
configure:1638: $? = 0
configure:1653: result: yes
configure:1660: checking whether we are cross compiling
configure:1662: result: no
configure:1665: checking for executable suffix
configure:1667: gcc -o conftest -I/home/mearvk/IdeaProjects/Ubuntu.Determinant.Alpha.Restricted/userland/x11/_build/sysroot/usr/include -w  -L/home/mearvk/IdeaProjects/Ubuntu.Determinant.Alpha.Restricted/userland/x11/_build/sysroot/usr/lib -Wl,-rpath-link,/home/mearvk/IdeaProjects/Ubuntu.Determinant.Alpha.Restricted/userland/x11/_build/sysroot/usr/lib conftest.c  >&5
configure:1670: $? = 0
configure:1692: result: 
configure:1698: checking for object suffix
configure:1716: gcc -c -I/home/mearvk/IdeaProjects/Ubuntu.Determinant.Alpha.Restricted/userland/x11/_build/sysroot/usr/include -w  conftest.c >&5
configure:1719: $? = 0
configure:1738: result: o
configure:1742: checking whether we are using the GNU C compiler
configure:1763: gcc -c -I/home/mearvk/IdeaProjects/Ubuntu.Determinant.Alpha.Restricted/userland/x11/_build/sysroot/usr/include -w  conftest.c >&5
configure:1766: $? = 0
configure:1769: test -s conftest.o
configure:1772: $? = 0
configure:1784: result: yes
configure:1790: checking whether gcc accepts -g
configure:1808: gcc -c -g  conftest.c >&5
configure:1811: $? = 0
configure:1814: test -s conftest.o
configure:1817: $? = 0
configure:1827: result: yes
configure:1854: gcc -c -I/home/mearvk/IdeaProjects/Ubuntu.Determinant.Alpha.Restricted/userland/x11/_build/sysroot/usr/include -w  conftest.c >&5
conftest.c:2:3: error: unknown type name 'choke'
    2 |   choke me
      |   ^~~~~
conftest.c:2:3: error: expected '=', ',', ';', 'asm' or '__attribute__' at end of input
configure:1857: $? = 1
configure: failed program was:
#ifndef __cplusplus
  choke me
#endif
configure:1958: checking version of gcc
configure:1962: result: 13.3.0
configure:1971: checking if this is really Intel C compiler
configure:1993: gcc -c -I/home/mearvk/IdeaProjects/Ubuntu.Determinant.Alpha.Restricted/userland/x11/_build/sysroot/usr/include -w -no-gcc  conftest.c >&5
gcc: error: unrecognized command-line option '-no-gcc'
configure:1996: $? = 1
configure: failed program was:
#line 1976 "configure"
#include "confdefs.h"

int
main (void)
{

#ifdef __INTEL_COMPILER
#else
#error __INTEL_COMPILER is not defined
#endif

  ;
  return 0;
}
configure:2013: result: no
configure:2022: checking if this is really Clang C compiler
configure:2043: gcc -c -I/home/mearvk/IdeaProjects/Ubuntu.Determinant.Alpha.Restricted/userland/x11/_build/sysroot/usr/include -w  conftest.c >&5
configure: In function 'main':
configure:2034:2: error: #error __clang__ is not defined
 2034 | #else
      |  ^~~~ 
configure:2046: $? = 1
configure: failed program was:
#line 2026 "configure"
#include "confdefs.h"

int
main (void)
{

#ifdef __clang__
#else
#error __clang__ is not defined
#endif

  ;
  return 0;
}
configure:2062: result: no
configure:2143: checking for gcc option to accept ANSI C
configure:2198: gcc  -c -I/home/mearvk/IdeaProjects/Ubuntu.Determinant.Alpha.Restricted/userland/x11/_build/sysroot/usr/include -w  conftest.c >&5
configure:2201: $? = 0
configure:2204: test -s conftest.o
configure:2207: $? = 0
configure:2224: result: none needed
configure:2235: checking $CFLAGS variable
configure:2239: result: broken
configure:2241: WARNING: your environment uses the CFLAGS variable to hold CPPFLAGS options
configure:2354: checking $CC variable
configure:2489: result: ok
configure:2498: checking for ggrep
configure:2524: result: no
configure:2498: checking for grep
configure:2513: found /usr/bin/grep
configure:2521: result: grep
configure:2532: checking for egrep
configure:2588: result: grep -E
configure:2598: checking how to run the C preprocessor
configure:2624: gcc -E -I/home/mearvk/IdeaProjects/Ubuntu.Determinant.Alpha.Restricted/userland/x11/_build/sysroot/usr/include conftest.c
configure:2630: $? = 0
configure:2657: gcc -E -I/home/mearvk/IdeaProjects/Ubuntu.Determinant.Alpha.Restricted/userland/x11/_build/sysroot/usr/include conftest.c
configure:2654:10: fatal error: ac_nonexistent.h: No such file or directory
 2654 | #include "confdefs.h"
      |          ^~~~~~~~~~~~      
compilation terminated.
configure:2663: $? = 1
configure: failed program was:
#line 2653 "configure"
#include "confdefs.h"
#include <ac_nonexistent.h>
configure:2700: result: gcc -E
configure:2715: gcc -E -I/home/mearvk/IdeaProjects/Ubuntu.Determinant.Alpha.Restricted/userland/x11/_build/sysroot/usr/include conftest.c
configure:2721: $? = 0
configure:2748: gcc -E -I/home/mearvk/IdeaProjects/Ubuntu.Determinant.Alpha.Restricted/userland/x11/_build/sysroot/usr/include conftest.c
configure:2745:10: fatal error: ac_nonexistent.h: No such file or directory
 2745 | #include "confdefs.h"
      |          ^~~~~~~~~~~~      
compilation terminated.
configure:2754: $? = 1
configure: failed program was:
#line 2744 "configure"
#include "confdefs.h"
#include <ac_nonexistent.h>
configure:2798: checking for mawk
configure:2813: found /usr/bin/mawk
configure:2821: result: mawk
configure:2843: checking for a BSD compatible install
configure:2892: result: /usr/bin/install -c
configure:2903: checking whether ln -s works
configure:2907: result: yes
configure:2931: checking for lint
configure:2957: result: no
configure:2931: checking for cppcheck
configure:2957: result: no
configure:2931: checking for splint
configure:2957: result: no
configure:2972: checking if the POSIX test-macros are already defined
configure:2998: gcc -c -w -I/home/mearvk/IdeaProjects/Ubuntu.Determinant.Alpha.Restricted/userland/x11/_build/sysroot/usr/include conftest.c >&5
configure:3001: $? = 0
configure:3004: test -s conftest.o
configure:3007: $? = 0
configure:3018: result: no
configure:3060: checking if this is the GNU C library
configure:3086: gcc -c -w -I/home/mearvk/IdeaProjects/Ubuntu.Determinant.Alpha.Restricted/userland/x11/_build/sysroot/usr/include conftest.c >&5
configure:3089: $? = 0
configure:3092: test -s conftest.o
configure:3095: $? = 0
configure:3106: result: yes
configure:3114: checking if _DEFAULT_SOURCE can be used as a basis
configure:3145: gcc -c -w -I/home/mearvk/IdeaProjects/Ubuntu.Determinant.Alpha.Restricted/userland/x11/_build/sysroot/usr/include -D_DEFAULT_SOURCE conftest.c >&5
configure:3148: $? = 0
configure:3151: test -s conftest.o
configure:3154: $? = 0
configure:3166: result: yes
configure:3171: checking if _XOPEN_SOURCE=700 works with _DEFAULT_SOURCE
configure:3296: gcc -c -w -I/home/mearvk/IdeaProjects/Ubuntu.Determinant.Alpha.Restricted/userland/x11/_build/sysroot/usr/include -D_DEFAULT_SOURCE -D_XOPEN_SOURCE=700 conftest.c >&5
configure:3299: $? = 0
configure:3302: test -s conftest.o
configure:3305: $? = 0
configure:3316: result: yes
configure:4571: checking if _XOPEN_SOURCE really is set
configure:4589: gcc -c -w -I/home/mearvk/IdeaProjects/Ubuntu.Determinant.Alpha.Restricted/userland/x11/_build/sysroot/usr/include -D_DEFAULT_SOURCE -D_XOPEN_SOURCE=700 conftest.c >&5
configure:4592: $? = 0
configure:4595: test -s conftest.o
configure:4598: $? = 0
configure:4607: result: yes
configure:4627: gcc -c -w -I/home/mearvk/IdeaProjects/Ubuntu.Determinant.Alpha.Restricted/userland/x11/_build/sysroot/usr/include -D_DEFAULT_SOURCE -D_XOPEN_SOURCE=700 conftest.c >&5
configure:4630: $? = 0
configure:4633: test -s conftest.o
configure:4636: $? = 0
configure:4887: checking if SIGWINCH is defined
configure:4909: gcc -c -w -I/home/mearvk/IdeaProjects/Ubuntu.Determinant.Alpha.Restricted/userland/x11/_build/sysroot/usr/include -D_DEFAULT_SOURCE -D_XOPEN_SOURCE=700 conftest.c >&5
configure:4912: $? = 0
configure:4915: test -s conftest.o
configure:4918: $? = 0
configure:4966: result: yes
configure:5036: checking for ANSI C header files
configure:5050: gcc -E -I/home/mearvk/IdeaProjects/Ubuntu.Determinant.Alpha.Restricted/userland/x11/_build/sysroot/usr/include -D_DEFAULT_SOURCE -D_XOPEN_SOURCE=700 conftest.c
configure:5056: $? = 0
configure:5143: gcc -o conftest -w -I/home/mearvk/IdeaProjects/Ubuntu.Determinant.Alpha.Restricted/userland/x11/_build/sysroot/usr/include -D_DEFAULT_SOURCE -D_XOPEN_SOURCE=700 -L/home/mearvk/IdeaProjects/Ubuntu.Determinant.Alpha.Restricted/userland/x11/_build/sysroot/usr/lib -Wl,-rpath-link,/home/mearvk/IdeaProjects/Ubuntu.Determinant.Alpha.Restricted/userland/x11/_build/sysroot/usr/lib conftest.c  >&5
configure:5146: $? = 0
configure:5148: ./conftest
configure:5151: $? = 0
configure:5164: result: yes
configure:5180: checking for sys/types.h
configure:5192: gcc -c -w -I/home/mearvk/IdeaProjects/Ubuntu.Determinant.Alpha.Restricted/userland/x11/_build/sysroot/usr/include -D_DEFAULT_SOURCE -D_XOPEN_SOURCE=700 conftest.c >&5
configure:5195: $? = 0
configure:5198: test -s conftest.o
configure:5201: $? = 0
configure:5211: result: yes
configure:5180: checking for sys/stat.h
configure:5192: gcc -c -w -I/home/mearvk/IdeaProjects/Ubuntu.Determinant.Alpha.Restricted/userland/x11/_build/sysroot/usr/include -D_DEFAULT_SOURCE -D_XOPEN_SOURCE=700 conftest.c >&5
configure:5195: $? = 0
configure:5198: test -s conftest.o
configure:5201: $? = 0
configure:5211: result: yes
configure:5180: checking for stdlib.h
configure:5192: gcc -c -w -I/home/mearvk/IdeaProjects/Ubuntu.Determinant.Alpha.Restricted/userland/x11/_build/sysroot/usr/include -D_DEFAULT_SOURCE -D_XOPEN_SOURCE=700 conftest.c >&5
configure:5195: $? = 0
configure:5198: test -s conftest.o
configure:5201: $? = 0
configure:5211: result: yes
configure:5180: checking for string.h
configure:5192: gcc -c -w -I/home/mearvk/IdeaProjects/Ubuntu.Determinant.Alpha.Restricted/userland/x11/_build/sysroot/usr/include -D_DEFAULT_SOURCE -D_XOPEN_SOURCE=700 conftest.c >&5
configure:5195: $? = 0
configure:5198: test -s conftest.o
configure:5201: $? = 0
configure:5211: result: yes
configure:5180: checking for memory.h
configure:5192: gcc -c -w -I/home/mearvk/IdeaProjects/Ubuntu.Determinant.Alpha.Restricted/userland/x11/_build/sysroot/usr/include -D_DEFAULT_SOURCE -D_XOPEN_SOURCE=700 conftest.c >&5
configure:5195: $? = 0
configure:5198: test -s conftest.o
configure:5201: $? = 0
configure:5211: result: yes
configure:5180: checking for strings.h
configure:5192: gcc -c -w -I/home/mearvk/IdeaProjects/Ubuntu.Determinant.Alpha.Restricted/userland/x11/_build/sysroot/usr/include -D_DEFAULT_SOURCE -D_XOPEN_SOURCE=700 conftest.c >&5
configure:5195: $? = 0
configure:5198: test -s conftest.o
configure:5201: $? = 0
configure:5211: result: yes
configure:5180: checking for inttypes.h
configure:5192: gcc -c -w -I/home/mearvk/IdeaProjects/Ubuntu.Determinant.Alpha.Restricted/userland/x11/_build/sysroot/usr/include -D_DEFAULT_SOURCE -D_XOPEN_SOURCE=700 conftest.c >&5
configure:5195: $? = 0
configure:5198: test -s conftest.o
configure:5201: $? = 0
configure:5211: result: yes
configure:5180: checking for stdint.h
configure:5192: gcc -c -w -I/home/mearvk/IdeaProjects/Ubuntu.Determinant.Alpha.Restricted/userland/x11/_build/sysroot/usr/include -D_DEFAULT_SOURCE -D_XOPEN_SOURCE=700 conftest.c >&5
configure:5195: $? = 0
configure:5198: test -s conftest.o
configure:5201: $? = 0
configure:5211: result: yes
configure:5180: checking for unistd.h
configure:5192: gcc -c -w -I/home/mearvk/IdeaProjects/Ubuntu.Determinant.Alpha.Restricted/userland/x11/_build/sysroot/usr/include -D_DEFAULT_SOURCE -D_XOPEN_SOURCE=700 conftest.c >&5
configure:5195: $? = 0
configure:5198: test -s conftest.o
configure:5201: $? = 0
configure:5211: result: yes
configure:5221: checking whether exit is declared
configure:5242: gcc -c -w -I/home/mearvk/IdeaProjects/Ubuntu.Determinant.Alpha.Restricted/userland/x11/_build/sysroot/usr/include -D_DEFAULT_SOURCE -D_XOPEN_SOURCE=700 conftest.c >&5
configure:5245: $? = 0
configure:5248: test -s conftest.o
configure:5251: $? = 0
configure:5261: result: yes
configure:5275: checking for ncurses/curses.h
configure:5285: gcc -E -I/home/mearvk/IdeaProjects/Ubuntu.Determinant.Alpha.Restricted/userland/x11/_build/sysroot/usr/include -D_DEFAULT_SOURCE -D_XOPEN_SOURCE=700 conftest.c
configure:5282:10: fatal error: ncurses/curses.h: No such file or directory
 5282 | #include "confdefs.h"
      |          ^~~~~~~~~~~~      
compilation terminated.
configure:5291: $? = 1
configure: failed program was:
#line 5281 "configure"
#include "confdefs.h"
#include <ncurses/curses.h>
configure:5310: result: no
configure:5275: checking for ncurses/term.h
configure:5285: gcc -E -I/home/mearvk/IdeaProjects/Ubuntu.Determinant.Alpha.Restricted/userland/x11/_build/sysroot/usr/include -D_DEFAULT_SOURCE -D_XOPEN_SOURCE=700 conftest.c
configure:5282:10: fatal error: ncurses/term.h: No such file or directory
 5282 | #include "confdefs.h"
      |          ^~~~~~~~~~~~    
compilation terminated.
configure:5291: $? = 1
configure: failed program was:
#line 5281 "configure"
#include "confdefs.h"
#include <ncurses/term.h>
configure:5310: result: no
configure:5275: checking for sys/ptem.h
configure:5285: gcc -E -I/home/mearvk/IdeaProjects/Ubuntu.Determinant.Alpha.Restricted/userland/x11/_build/sysroot/usr/include -D_DEFAULT_SOURCE -D_XOPEN_SOURCE=700 conftest.c
configure:5282:10: fatal error: sys/ptem.h: No such file or directory
 5282 | #include "confdefs.h"
      |          ^~~~~~~~~~~~
compilation terminated.
configure:5291: $? = 1
configure: failed program was:
#line 5281 "configure"
#include "confdefs.h"
#include <sys/ptem.h>
configure:5310: result: no
configure:5275: checking for sys/ttydefaults.h
configure:5285: gcc -E -I/home/mearvk/IdeaProjects/Ubuntu.Determinant.Alpha.Restricted/userland/x11/_build/sysroot/usr/include -D_DEFAULT_SOURCE -D_XOPEN_SOURCE=700 conftest.c
configure:5291: $? = 0
configure:5310: result: yes
configure:5275: checking for term.h
configure:5285: gcc -E -I/home/mearvk/IdeaProjects/Ubuntu.Determinant.Alpha.Restricted/userland/x11/_build/sysroot/usr/include -D_DEFAULT_SOURCE -D_XOPEN_SOURCE=700 conftest.c
configure:5291: $? = 0
configure:5310: result: yes
configure:5275: checking for termios.h
configure:5285: gcc -E -I/home/mearvk/IdeaProjects/Ubuntu.Determinant.Alpha.Restricted/userland/x11/_build/sysroot/usr/include -D_DEFAULT_SOURCE -D_XOPEN_SOURCE=700 conftest.c
configure:5291: $? = 0
configure:5310: result: yes
configure:5275: checking for wchar.h
configure:5285: gcc -E -I/home/mearvk/IdeaProjects/Ubuntu.Determinant.Alpha.Restricted/userland/x11/_build/sysroot/usr/include -D_DEFAULT_SOURCE -D_XOPEN_SOURCE=700 conftest.c
configure:5291: $? = 0
configure:5310: result: yes
configure:5320: checking whether time.h and sys/time.h may both be included
configure:5342: gcc -c -w -I/home/mearvk/IdeaProjects/Ubuntu.Determinant.Alpha.Restricted/userland/x11/_build/sysroot/usr/include -D_DEFAULT_SOURCE -D_XOPEN_SOURCE=700 conftest.c >&5
configure:5345: $? = 0
configure:5348: test -s conftest.o
configure:5351: $? = 0
configure:5361: result: yes
configure:5371: checking for nl_langinfo and CODESET
configure:5391: gcc -o conftest -w -I/home/mearvk/IdeaProjects/Ubuntu.Determinant.Alpha.Restricted/userland/x11/_build/sysroot/usr/include -D_DEFAULT_SOURCE -D_XOPEN_SOURCE=700 -L/home/mearvk/IdeaProjects/Ubuntu.Determinant.Alpha.Restricted/userland/x11/_build/sysroot/usr/lib -Wl,-rpath-link,/home/mearvk/IdeaProjects/Ubuntu.Determinant.Alpha.Restricted/userland/x11/_build/sysroot/usr/lib conftest.c  >&5
configure:5394: $? = 0
configure:5397: test -s conftest
configure:5400: $? = 0
configure:5411: result: yes
configure:5423: checking for signal global datatype
configure:5459: gcc -c -w -I/home/mearvk/IdeaProjects/Ubuntu.Determinant.Alpha.Restricted/userland/x11/_build/sysroot/usr/include -D_DEFAULT_SOURCE -D_XOPEN_SOURCE=700 conftest.c >&5
configure:5462: $? = 0
configure:5465: test -s conftest.o
configure:5468: $? = 0
configure:5482: result: volatile sig_atomic_t
configure:5489: checking for time_t
configure:5510: gcc -c -w -I/home/mearvk/IdeaProjects/Ubuntu.Determinant.Alpha.Restricted/userland/x11/_build/sysroot/usr/include -D_DEFAULT_SOURCE -D_XOPEN_SOURCE=700 conftest.c >&5
configure:5513: $? = 0
configure:5516: test -s conftest.o
configure:5519: $? = 0
configure:5529: result: yes
configure:5541: checking for cc_t in <termios.h> or <termio.h>
configure:5568: gcc -c -w -I/home/mearvk/IdeaProjects/Ubuntu.Determinant.Alpha.Restricted/userland/x11/_build/sysroot/usr/include -D_DEFAULT_SOURCE -D_XOPEN_SOURCE=700 conftest.c >&5
configure:5571: $? = 0
configure:5574: test -s conftest.o
configure:5577: $? = 0
configure:5589: result: yes
configure:5596: checking for nfds_t in <poll.h>
configure:5618: gcc -c -w -I/home/mearvk/IdeaProjects/Ubuntu.Determinant.Alpha.Restricted/userland/x11/_build/sysroot/usr/include -D_DEFAULT_SOURCE -D_XOPEN_SOURCE=700 conftest.c >&5
configure:5621: $? = 0
configure:5624: test -s conftest.o
configure:5627: $? = 0
configure:5639: result: yes
configure:5646: checking for mode_t
configure:5667: gcc -c -w -I/home/mearvk/IdeaProjects/Ubuntu.Determinant.Alpha.Restricted/userland/x11/_build/sysroot/usr/include -D_DEFAULT_SOURCE -D_XOPEN_SOURCE=700 conftest.c >&5
configure:5670: $? = 0
configure:5673: test -s conftest.o
configure:5676: $? = 0
configure:5686: result: yes
configure:5698: checking for pid_t
configure:5719: gcc -c -w -I/home/mearvk/IdeaProjects/Ubuntu.Determinant.Alpha.Restricted/userland/x11/_build/sysroot/usr/include -D_DEFAULT_SOURCE -D_XOPEN_SOURCE=700 conftest.c >&5
configure:5722: $? = 0
configure:5725: test -s conftest.o
configure:5728: $? = 0
configure:5738: result: yes
configure:5750: checking for uid_t in sys/types.h
configure:5770: result: yes
configure:5784: checking for off_t
configure:5805: gcc -c -w -I/home/mearvk/IdeaProjects/Ubuntu.Determinant.Alpha.Restricted/userland/x11/_build/sysroot/usr/include -D_DEFAULT_SOURCE -D_XOPEN_SOURCE=700 conftest.c >&5
configure:5808: $? = 0
configure:5811: test -s conftest.o
configure:5814: $? = 0
configure:5824: result: yes
configure:5856: checking for gethostname
configure:5893: gcc -o conftest -w -I/home/mearvk/IdeaProjects/Ubuntu.Determinant.Alpha.Restricted/userland/x11/_build/sysroot/usr/include -D_DEFAULT_SOURCE -D_XOPEN_SOURCE=700 -L/home/mearvk/IdeaProjects/Ubuntu.Determinant.Alpha.Restricted/userland/x11/_build/sysroot/usr/lib -Wl,-rpath-link,/home/mearvk/IdeaProjects/Ubuntu.Determinant.Alpha.Restricted/userland/x11/_build/sysroot/usr/lib conftest.c  >&5
configure:5896: $? = 0
configure:5899: test -s conftest
configure:5902: $? = 0
configure:5912: result: yes
configure:5856: checking for getusershell
configure:5893: gcc -o conftest -w -I/home/mearvk/IdeaProjects/Ubuntu.Determinant.Alpha.Restricted/userland/x11/_build/sysroot/usr/include -D_DEFAULT_SOURCE -D_XOPEN_SOURCE=700 -L/home/mearvk/IdeaProjects/Ubuntu.Determinant.Alpha.Restricted/userland/x11/_build/sysroot/usr/lib -Wl,-rpath-link,/home/mearvk/IdeaProjects/Ubuntu.Determinant.Alpha.Restricted/userland/x11/_build/sysroot/usr/lib conftest.c  >&5
configure:5896: $? = 0
configure:5899: test -s conftest
configure:5902: $? = 0
configure:5912: result: yes
configure:5856: checking for endusershell
configure:5893: gcc -o conftest -w -I/home/mearvk/IdeaProjects/Ubuntu.Determinant.Alpha.Restricted/userland/x11/_build/sysroot/usr/include -D_DEFAULT_SOURCE -D_XOPEN_SOURCE=700 -L/home/mearvk/IdeaProjects/Ubuntu.Determinant.Alpha.Restricted/userland/x11/_build/sysroot/usr/lib -Wl,-rpath-link,/home/mearvk/IdeaProjects/Ubuntu.Determinant.Alpha.Restricted/userland/x11/_build/sysroot/usr/lib conftest.c  >&5
configure:5896: $? = 0
configure:5899: test -s conftest
configure:5902: $? = 0
configure:5912: result: yes
configure:5856: checking for getlogin
configure:5893: gcc -o conftest -w -I/home/mearvk/IdeaProjects/Ubuntu.Determinant.Alpha.Restricted/userland/x11/_build/sysroot/usr/include -D_DEFAULT_SOURCE -D_XOPEN_SOURCE=700 -L/home/mearvk/IdeaProjects/Ubuntu.Determinant.Alpha.Restricted/userland/x11/_build/sysroot/usr/lib -Wl,-rpath-link,/home/mearvk/IdeaProjects/Ubuntu.Determinant.Alpha.Restricted/userland/x11/_build/sysroot/usr/lib conftest.c  >&5
configure:5896: $? = 0
configure:5899: test -s conftest
configure:5902: $? = 0
configure:5912: result: yes
configure:5856: checking for initgroups
configure:5893: gcc -o conftest -w -I/home/mearvk/IdeaProjects/Ubuntu.Determinant.Alpha.Restricted/userland/x11/_build/sysroot/usr/include -D_DEFAULT_SOURCE -D_XOPEN_SOURCE=700 -L/home/mearvk/IdeaProjects/Ubuntu.Determinant.Alpha.Restricted/userland/x11/_build/sysroot/usr/lib -Wl,-rpath-link,/home/mearvk/IdeaProjects/Ubuntu.Determinant.Alpha.Restricted/userland/x11/_build/sysroot/usr/lib conftest.c  >&5
configure:5896: $? = 0
configure:5899: test -s conftest
configure:5902: $? = 0
configure:5912: result: yes
configure:5856: checking for mkdtemp
configure:5893: gcc -o conftest -w -I/home/mearvk/IdeaProjects/Ubuntu.Determinant.Alpha.Restricted/userland/x11/_build/sysroot/usr/include -D_DEFAULT_SOURCE -D_XOPEN_SOURCE=700 -L/home/mearvk/IdeaProjects/Ubuntu.Determinant.Alpha.Restricted/userland/x11/_build/sysroot/usr/lib -Wl,-rpath-link,/home/mearvk/IdeaProjects/Ubuntu.Determinant.Alpha.Restricted/userland/x11/_build/sysroot/usr/lib conftest.c  >&5
configure:5896: $? = 0
configure:5899: test -s conftest
configure:5902: $? = 0
configure:5912: result: yes
configure:5856: checking for putenv
configure:5893: gcc -o conftest -w -I/home/mearvk/IdeaProjects/Ubuntu.Determinant.Alpha.Restricted/userland/x11/_build/sysroot/usr/include -D_DEFAULT_SOURCE -D_XOPEN_SOURCE=700 -L/home/mearvk/IdeaProjects/Ubuntu.Determinant.Alpha.Restricted/userland/x11/_build/sysroot/usr/lib -Wl,-rpath-link,/home/mearvk/IdeaProjects/Ubuntu.Determinant.Alpha.Restricted/userland/x11/_build/sysroot/usr/lib conftest.c  >&5
configure:5896: $? = 0
configure:5899: test -s conftest
configure:5902: $? = 0
configure:5912: result: yes
configure:5856: checking for unsetenv
configure:5893: gcc -o conftest -w -I/home/mearvk/IdeaProjects/Ubuntu.Determinant.Alpha.Restricted/userland/x11/_build/sysroot/usr/include -D_DEFAULT_SOURCE -D_XOPEN_SOURCE=700 -L/home/mearvk/IdeaProjects/Ubuntu.Determinant.Alpha.Restricted/userland/x11/_build/sysroot/usr/lib -Wl,-rpath-link,/home/mearvk/IdeaProjects/Ubuntu.Determinant.Alpha.Restricted/userland/x11/_build/sysroot/usr/lib conftest.c  >&5
configure:5896: $? = 0
configure:5899: test -s conftest
configure:5902: $? = 0
configure:5912: result: yes
configure:5856: checking for sched_yield
configure:5893: gcc -o conftest -w -I/home/mearvk/IdeaProjects/Ubuntu.Determinant.Alpha.Restricted/userland/x11/_build/sysroot/usr/include -D_DEFAULT_SOURCE -D_XOPEN_SOURCE=700 -L/home/mearvk/IdeaProjects/Ubuntu.Determinant.Alpha.Restricted/userland/x11/_build/sysroot/usr/lib -Wl,-rpath-link,/home/mearvk/IdeaProjects/Ubuntu.Determinant.Alpha.Restricted/userland/x11/_build/sysroot/usr/lib conftest.c  >&5
configure:5896: $? = 0
configure:5899: test -s conftest
configure:5902: $? = 0
configure:5912: result: yes
configure:5856: checking for setpgid
configure:5893: gcc -o conftest -w -I/home/mearvk/IdeaProjects/Ubuntu.Determinant.Alpha.Restricted/userland/x11/_build/sysroot/usr/include -D_DEFAULT_SOURCE -D_XOPEN_SOURCE=700 -L/home/mearvk/IdeaProjects/Ubuntu.Determinant.Alpha.Restricted/userland/x11/_build/sysroot/usr/lib -Wl,-rpath-link,/home/mearvk/IdeaProjects/Ubuntu.Determinant.Alpha.Restricted/userland/x11/_build/sysroot/usr/lib conftest.c  >&5
configure:5896: $? = 0
configure:5899: test -s conftest
configure:5902: $? = 0
configure:5912: result: yes
configure:5856: checking for setsid
configure:5893: gcc -o conftest -w -I/home/mearvk/IdeaProjects/Ubuntu.Determinant.Alpha.Restricted/userland/x11/_build/sysroot/usr/include -D_DEFAULT_SOURCE -D_XOPEN_SOURCE=700 -L/home/mearvk/IdeaProjects/Ubuntu.Determinant.Alpha.Restricted/userland/x11/_build/sysroot/usr/lib -Wl,-rpath-link,/home/mearvk/IdeaProjects/Ubuntu.Determinant.Alpha.Restricted/userland/x11/_build/sysroot/usr/lib conftest.c  >&5
configure:5896: $? = 0
configure:5899: test -s conftest
configure:5902: $? = 0
configure:5912: result: yes
configure:5856: checking for tcgetattr
configure:5893: gcc -o conftest -w -I/home/mearvk/IdeaProjects/Ubuntu.Determinant.Alpha.Restricted/userland/x11/_build/sysroot/usr/include -D_DEFAULT_SOURCE -D_XOPEN_SOURCE=700 -L/home/mearvk/IdeaProjects/Ubuntu.Determinant.Alpha.Restricted/userland/x11/_build/sysroot/usr/lib -Wl,-rpath-link,/home/mearvk/IdeaProjects/Ubuntu.Determinant.Alpha.Restricted/userland/x11/_build/sysroot/usr/lib conftest.c  >&5
configure:5896: $? = 0
configure:5899: test -s conftest
configure:5902: $? = 0
configure:5912: result: yes
configure:5856: checking for waitpid
configure:5893: gcc -o conftest -w -I/home/mearvk/IdeaProjects/Ubuntu.Determinant.Alpha.Restricted/userland/x11/_build/sysroot/usr/include -D_DEFAULT_SOURCE -D_XOPEN_SOURCE=700 -L/home/mearvk/IdeaProjects/Ubuntu.Determinant.Alpha.Restricted/userland/x11/_build/sysroot/usr/lib -Wl,-rpath-link,/home/mearvk/IdeaProjects/Ubuntu.Determinant.Alpha.Restricted/userland/x11/_build/sysroot/usr/lib conftest.c  >&5
configure:5896: $? = 0
configure:5899: test -s conftest
configure:5902: $? = 0
configure:5912: result: yes
configure:5856: checking for wcswidth
configure:5893: gcc -o conftest -w -I/home/mearvk/IdeaProjects/Ubuntu.Determinant.Alpha.Restricted/userland/x11/_build/sysroot/usr/include -D_DEFAULT_SOURCE -D_XOPEN_SOURCE=700 -L/home/mearvk/IdeaProjects/Ubuntu.Determinant.Alpha.Restricted/userland/x11/_build/sysroot/usr/lib -Wl,-rpath-link,/home/mearvk/IdeaProjects/Ubuntu.Determinant.Alpha.Restricted/userland/x11/_build/sysroot/usr/lib conftest.c  >&5
configure:5896: $? = 0
configure:5899: test -s conftest
configure:5902: $? = 0
configure:5912: result: yes
configure:5856: checking for wcwidth
configure:5893: gcc -o conftest -w -I/home/mearvk/IdeaProjects/Ubuntu.Determinant.Alpha.Restricted/userland/x11/_build/sysroot/usr/include -D_DEFAULT_SOURCE -D_XOPEN_SOURCE=700 -L/home/mearvk/IdeaProjects/Ubuntu.Determinant.Alpha.Restricted/userland/x11/_build/sysroot/usr/lib -Wl,-rpath-link,/home/mearvk/IdeaProjects/Ubuntu.Determinant.Alpha.Restricted/userland/x11/_build/sysroot/usr/lib conftest.c  >&5
configure:5896: $? = 0
configure:5899: test -s conftest
configure:5902: $? = 0
configure:5912: result: yes
configure:5923: checking for clock_gettime
configure:5960: gcc -o conftest -w -I/home/mearvk/IdeaProjects/Ubuntu.Determinant.Alpha.Restricted/userland/x11/_build/sysroot/usr/include -D_DEFAULT_SOURCE -D_XOPEN_SOURCE=700 -L/home/mearvk/IdeaProjects/Ubuntu.Determinant.Alpha.Restricted/userland/x11/_build/sysroot/usr/lib -Wl,-rpath-link,/home/mearvk/IdeaProjects/Ubuntu.Determinant.Alpha.Restricted/userland/x11/_build/sysroot/usr/lib conftest.c  >&5
configure:5963: $? = 0
configure:5966: test -s conftest
configure:5969: $? = 0
configure:5979: result: yes
configure:6043: checking if clock_gettime links
configure:6068: gcc -o conftest -w -I/home/mearvk/IdeaProjects/Ubuntu.Determinant.Alpha.Restricted/userland/x11/_build/sysroot/usr/include -D_DEFAULT_SOURCE -D_XOPEN_SOURCE=700 -L/home/mearvk/IdeaProjects/Ubuntu.Determinant.Alpha.Restricted/userland/x11/_build/sysroot/usr/lib -Wl,-rpath-link,/home/mearvk/IdeaProjects/Ubuntu.Determinant.Alpha.Restricted/userland/x11/_build/sysroot/usr/lib conftest.c  >&5
configure:6071: $? = 0
configure:6074: test -s conftest
configure:6077: $? = 0
configure:6088: result: yes
configure:6244: checking for strftime function
configure:6274: gcc -o conftest -w -I/home/mearvk/IdeaProjects/Ubuntu.Determinant.Alpha.Restricted/userland/x11/_build/sysroot/usr/include -D_DEFAULT_SOURCE -D_XOPEN_SOURCE=700 -L/home/mearvk/IdeaProjects/Ubuntu.Determinant.Alpha.Restricted/userland/x11/_build/sysroot/usr/lib -Wl,-rpath-link,/home/mearvk/IdeaProjects/Ubuntu.Determinant.Alpha.Restricted/userland/x11/_build/sysroot/usr/lib conftest.c  >&5
configure:6277: $? = 0
configure:6280: test -s conftest
configure:6283: $? = 0
configure:6294: result: yes
configure:6307: checking for unistd.h
configure:6342: result: yes
configure:6352: checking for working mkstemp
configure:6398: gcc -o conftest -w -I/home/mearvk/IdeaProjects/Ubuntu.Determinant.Alpha.Restricted/userland/x11/_build/sysroot/usr/include -D_DEFAULT_SOURCE -D_XOPEN_SOURCE=700 -L/home/mearvk/IdeaProjects/Ubuntu.Determinant.Alpha.Restricted/userland/x11/_build/sysroot/usr/lib -Wl,-rpath-link,/home/mearvk/IdeaProjects/Ubuntu.Determinant.Alpha.Restricted/userland/x11/_build/sysroot/usr/lib conftest.c  >&5
configure:6401: $? = 0
configure:6403: ./conftest
configure:6406: $? = 0
configure:6421: result: yes
configure:6492: checking if setitimer is available
configure:6519: gcc -c -w -I/home/mearvk/IdeaProjects/Ubuntu.Determinant.Alpha.Restricted/userland/x11/_build/sysroot/usr/include -D_DEFAULT_SOURCE -D_XOPEN_SOURCE=700 conftest.c >&5
configure:6522: $? = 0
configure:6525: test -s conftest.o
configure:6528: $? = 0
configure:6539: result: yes
configure:6549: checking for lastlog.h
configure:6559: gcc -E -I/home/mearvk/IdeaProjects/Ubuntu.Determinant.Alpha.Restricted/userland/x11/_build/sysroot/usr/include -D_DEFAULT_SOURCE -D_XOPEN_SOURCE=700 conftest.c
configure:6565: $? = 0
configure:6584: result: yes
configure:6549: checking for paths.h
configure:6559: gcc -E -I/home/mearvk/IdeaProjects/Ubuntu.Determinant.Alpha.Restricted/userland/x11/_build/sysroot/usr/include -D_DEFAULT_SOURCE -D_XOPEN_SOURCE=700 conftest.c
configure:6565: $? = 0
configure:6584: result: yes
configure:6594: checking for lastlog path
configure:6621: gcc -c -w -I/home/mearvk/IdeaProjects/Ubuntu.Determinant.Alpha.Restricted/userland/x11/_build/sysroot/usr/include -D_DEFAULT_SOURCE -D_XOPEN_SOURCE=700 conftest.c >&5
configure:6624: $? = 0
configure:6627: test -s conftest.o
configure:6630: $? = 0
configure:6645: result: _PATH_LASTLOG
configure:6652: checking for utmp implementation
configure:6685: gcc -c -w -I/home/mearvk/IdeaProjects/Ubuntu.Determinant.Alpha.Restricted/userland/x11/_build/sysroot/usr/include -D_DEFAULT_SOURCE -D_XOPEN_SOURCE=700 conftest.c >&5
configure:6673:18: error: conflicting types for 'getutxent'; have 'struct utmp *(void)'
 6673 | main (void)
      |                  ^        
In file included from configure:6672:
/usr/include/utmpx.h:65:22: note: previous declaration of 'getutxent' with type 'struct utmpx *(void)'
   65 | extern struct utmpx *getutxent (void);
      |                      ^~~~~~~~~
configure:6688: $? = 1
configure: failed program was:
#line 6669 "configure"
#include "confdefs.h"

#include <sys/types.h>
#include <utmpx.h>
#define getutent getutxent
#ifdef USE_LASTLOG
#include <lastlog.h>	/* may conflict with utmpx.h on Linux */
#endif

int
main (void)
{
struct utmpx x;
	 char *name = x.ut_name; /* utmp.h and compatible definitions */
	 (void)x;
	 (void)name;

  ;
  return 0;
}
configure:6719: gcc -c -w -I/home/mearvk/IdeaProjects/Ubuntu.Determinant.Alpha.Restricted/userland/x11/_build/sysroot/usr/include -D_DEFAULT_SOURCE -D_XOPEN_SOURCE=700 conftest.c >&5
configure:6707:18: error: conflicting types for 'getutxent'; have 'struct utmp *(void)'
 6707 | main (void)
      |                  ^        
In file included from configure:6706:
/usr/include/utmpx.h:65:22: note: previous declaration of 'getutxent' with type 'struct utmpx *(void)'
   65 | extern struct utmpx *getutxent (void);
      |                      ^~~~~~~~~
configure:6722: $? = 1
configure: failed program was:
#line 6703 "configure"
#include "confdefs.h"

#include <sys/types.h>
#include <utmpx.h>
#define getutent getutxent
#ifdef USE_LASTLOG
#include <lastlog.h>	/* may conflict with utmpx.h on Linux */
#endif

int
main (void)
{
struct utmpx x;
	 char *name = x.ut_user; /* utmpx.h must declare this */
	 (void)x;
	 (void)name;

  ;
  return 0;
}
configure:6685: gcc -c -w -I/home/mearvk/IdeaProjects/Ubuntu.Determinant.Alpha.Restricted/userland/x11/_build/sysroot/usr/include -D_DEFAULT_SOURCE -D_XOPEN_SOURCE=700 conftest.c >&5
configure:6688: $? = 0
configure:6691: test -s conftest.o
configure:6694: $? = 0
configure:6743: result: utmp
configure:6758: checking if utmp.ut_host is declared
configure:6782: gcc -c -w -I/home/mearvk/IdeaProjects/Ubuntu.Determinant.Alpha.Restricted/userland/x11/_build/sysroot/usr/include -D_DEFAULT_SOURCE -D_XOPEN_SOURCE=700 conftest.c >&5
configure:6785: $? = 0
configure:6788: test -s conftest.o
configure:6791: $? = 0
configure:6803: result: yes
configure:6813: checking if utmp.ut_syslen is declared
configure:6837: gcc -c -w -I/home/mearvk/IdeaProjects/Ubuntu.Determinant.Alpha.Restricted/userland/x11/_build/sysroot/usr/include -D_DEFAULT_SOURCE -D_XOPEN_SOURCE=700 conftest.c >&5
configure: In function 'main':
configure:6828:12: error: 'struct utmp' has no member named 'ut_syslen'
 6828 | struct $cf_cv_have_utmp x;
      |            ^
configure:6840: $? = 1
configure: failed program was:
#line 6820 "configure"
#include "confdefs.h"

#include <sys/types.h>
#include <utmp.h>
int
main (void)
{
struct utmp x;
	 int y = x.ut_syslen;
	 (void)x;
	 (void)y
  ;
  return 0;
}
configure:6858: result: no
configure:6868: checking if utmp.ut_name is declared
configure:6901: gcc -c -w -I/home/mearvk/IdeaProjects/Ubuntu.Determinant.Alpha.Restricted/userland/x11/_build/sysroot/usr/include -D_DEFAULT_SOURCE -D_XOPEN_SOURCE=700 conftest.c >&5
configure:6904: $? = 0
configure:6907: test -s conftest.o
configure:6910: $? = 0
configure:6922: result: ut_name
configure:6942: checking for exit-status in utmp
configure:6972: gcc -c -w -I/home/mearvk/IdeaProjects/Ubuntu.Determinant.Alpha.Restricted/userland/x11/_build/sysroot/usr/include -D_DEFAULT_SOURCE -D_XOPEN_SOURCE=700 conftest.c >&5
configure: In function 'main':
configure:6963:22: error: 'struct exit_status' has no member named '__e_exit'; did you mean 'e_exit'?
 6963 | struct $cf_cv_have_utmp x;
      |                      ^~~~~   
      |                      e_exit
configure:6975: $? = 1
configure: failed program was:
#line 6955 "configure"
#include "confdefs.h"

#include <sys/types.h>
#include <utmp.h>
int
main (void)
{
struct utmp x;
	 long y = x.ut_exit.__e_exit = 0;
	 (void)x;
	 (void)y
  ;
  return 0;
}
configure:6972: gcc -c -w -I/home/mearvk/IdeaProjects/Ubuntu.Determinant.Alpha.Restricted/userland/x11/_build/sysroot/usr/include -D_DEFAULT_SOURCE -D_XOPEN_SOURCE=700 conftest.c >&5
configure:6975: $? = 0
configure:6978: test -s conftest.o
configure:6981: $? = 0
configure:6994: result: ut_exit.e_exit
configure:7010: checking if utmp.ut_xtime is declared
configure:7034: gcc -c -w -I/home/mearvk/IdeaProjects/Ubuntu.Determinant.Alpha.Restricted/userland/x11/_build/sysroot/usr/include -D_DEFAULT_SOURCE -D_XOPEN_SOURCE=700 conftest.c >&5
configure:7037: $? = 0
configure:7040: test -s conftest.o
configure:7043: $? = 0
configure:7090: result: yes
configure:7109: checking if utmp.ut_session is declared
configure:7133: gcc -c -w -I/home/mearvk/IdeaProjects/Ubuntu.Determinant.Alpha.Restricted/userland/x11/_build/sysroot/usr/include -D_DEFAULT_SOURCE -D_XOPEN_SOURCE=700 conftest.c >&5
configure:7136: $? = 0
configure:7139: test -s conftest.o
configure:7142: $? = 0
configure:7153: result: yes
configure:7164: checking if utmp is SYSV flavor
configure:7191: gcc -o conftest -w -I/home/mearvk/IdeaProjects/Ubuntu.Determinant.Alpha.Restricted/userland/x11/_build/sysroot/usr/include -D_DEFAULT_SOURCE -D_XOPEN_SOURCE=700 -L/home/mearvk/IdeaProjects/Ubuntu.Determinant.Alpha.Restricted/userland/x11/_build/sysroot/usr/lib -Wl,-rpath-link,/home/mearvk/IdeaProjects/Ubuntu.Determinant.Alpha.Restricted/userland/x11/_build/sysroot/usr/lib conftest.c  >&5
configure:7194: $? = 0
configure:7197: test -s conftest
configure:7200: $? = 0
configure:7211: result: yes
configure:7223: checking for lastlog.h
configure:7258: result: yes
configure:7268: checking for struct lastlog
configure:7294: gcc -o conftest -w -I/home/mearvk/IdeaProjects/Ubuntu.Determinant.Alpha.Restricted/userland/x11/_build/sysroot/usr/include -D_DEFAULT_SOURCE -D_XOPEN_SOURCE=700 -L/home/mearvk/IdeaProjects/Ubuntu.Determinant.Alpha.Restricted/userland/x11/_build/sysroot/usr/lib -Wl,-rpath-link,/home/mearvk/IdeaProjects/Ubuntu.Determinant.Alpha.Restricted/userland/x11/_build/sysroot/usr/lib conftest.c  >&5
configure:7297: $? = 0
configure:7299: ./conftest
configure:7302: $? = 1
configure: program exited with status 1
configure: failed program was:
#line 7279 "configure"
#include "confdefs.h"

#include <stdio.h>
#if HAVE_SYS_TYPES_H
# include <sys/types.h>
#endif
#if HAVE_SYS_STAT_H
# include <sys/stat.h>
#endif
#if STDC_HEADERS
# include <stdlib.h>
# include <stddef.h>
#else
# if HAVE_STDLIB_H
#  include <stdlib.h>
# endif
#endif
#if HAVE_STRING_H
# if !STDC_HEADERS && HAVE_MEMORY_H
#  include <memory.h>
# endif
# include <string.h>
#endif
#if HAVE_STRINGS_H
# include <strings.h>
#endif
#if HAVE_INTTYPES_H
# include <inttypes.h>
#else
# if HAVE_STDINT_H
#  include <stdint.h>
# endif
#endif
#if HAVE_UNISTD_H
# include <unistd.h>
#endif

#include <time.h>
#include <lastlog.h>

int main(void)
{
	struct lastlog data;
	return (sizeof(data.ll_time) != sizeof(time_t));
}
configure:7316: result: no
configure:7329: checking for sys/param.h
configure:7339: gcc -E -I/home/mearvk/IdeaProjects/Ubuntu.Determinant.Alpha.Restricted/userland/x11/_build/sysroot/usr/include -D_DEFAULT_SOURCE -D_XOPEN_SOURCE=700 conftest.c
configure:7345: $? = 0
configure:7364: result: yes
configure:7374: checking if POSIX saved-ids are supported
configure:7410: gcc -o conftest -w -I/home/mearvk/IdeaProjects/Ubuntu.Determinant.Alpha.Restricted/userland/x11/_build/sysroot/usr/include -D_DEFAULT_SOURCE -D_XOPEN_SOURCE=700 -L/home/mearvk/IdeaProjects/Ubuntu.Determinant.Alpha.Restricted/userland/x11/_build/sysroot/usr/lib -Wl,-rpath-link,/home/mearvk/IdeaProjects/Ubuntu.Determinant.Alpha.Restricted/userland/x11/_build/sysroot/usr/lib conftest.c  >&5
configure:7413: $? = 0
configure:7416: test -s conftest
configure:7419: $? = 0
configure:7469: result: yes
configure:7508: checking for termcap.h
configure:7518: gcc -E -I/home/mearvk/IdeaProjects/Ubuntu.Determinant.Alpha.Restricted/userland/x11/_build/sysroot/usr/include -D_DEFAULT_SOURCE -D_XOPEN_SOURCE=700 conftest.c
configure:7524: $? = 0
configure:7543: result: yes
configure:7560: checking if we want full tgetent function
configure:7577: result: yes
configure:7586: checking for full tgetent function
configure:7642: gcc -o conftest -w -I/home/mearvk/IdeaProjects/Ubuntu.Determinant.Alpha.Restricted/userland/x11/_build/sysroot/usr/include -D_DEFAULT_SOURCE -D_XOPEN_SOURCE=700 -L/home/mearvk/IdeaProjects/Ubuntu.Determinant.Alpha.Restricted/userland/x11/_build/sysroot/usr/lib -Wl,-rpath-link,/home/mearvk/IdeaProjects/Ubuntu.Determinant.Alpha.Restricted/userland/x11/_build/sysroot/usr/lib conftest.c  >&5
/usr/bin/ld: /tmp/ccDXJ0um.o: in function `main':
conftest.c:(.text+0x3a): undefined reference to `tgetent'
collect2: error: ld returned 1 exit status
configure:7645: $? = 1
configure: program exited with status 1
configure: failed program was:
#line 7625 "configure"
#include "confdefs.h"

#ifdef HAVE_TERMCAP_H
#include <termcap.h>
#else
extern int tgetent(char *, const char *);
#endif

/* terminfo implementations ignore the buffer argument, making it useless for
 * the xterm application, which uses this information to make a new TERMCAP
 * environment variable.
 */
int main(void)
{
	char buffer[1024];
	buffer[0] = 0;
	tgetent(buffer, "vt100");
	return (buffer[0] == 0); }
no, there is no termcap/tgetent in 
configure:7642: gcc -o conftest -w -I/home/mearvk/IdeaProjects/Ubuntu.Determinant.Alpha.Restricted/userland/x11/_build/sysroot/usr/include -D_DEFAULT_SOURCE -D_XOPEN_SOURCE=700 -L/home/mearvk/IdeaProjects/Ubuntu.Determinant.Alpha.Restricted/userland/x11/_build/sysroot/usr/lib -Wl,-rpath-link,/home/mearvk/IdeaProjects/Ubuntu.Determinant.Alpha.Restricted/userland/x11/_build/sysroot/usr/lib conftest.c -lotermcap  >&5
/usr/bin/ld: cannot find -lotermcap: No such file or directory
collect2: error: ld returned 1 exit status
configure:7645: $? = 1
configure: program exited with status 1
configure: failed program was:
#line 7625 "configure"
#include "confdefs.h"

#ifdef HAVE_TERMCAP_H
#include <termcap.h>
#else
extern int tgetent(char *, const char *);
#endif

/* terminfo implementations ignore the buffer argument, making it useless for
 * the xterm application, which uses this information to make a new TERMCAP
 * environment variable.
 */
int main(void)
{
	char buffer[1024];
	buffer[0] = 0;
	tgetent(buffer, "vt100");
	return (buffer[0] == 0); }
no, there is no termcap/tgetent in otermcap
configure:7642: gcc -o conftest -w -I/home/mearvk/IdeaProjects/Ubuntu.Determinant.Alpha.Restricted/userland/x11/_build/sysroot/usr/include -D_DEFAULT_SOURCE -D_XOPEN_SOURCE=700 -L/home/mearvk/IdeaProjects/Ubuntu.Determinant.Alpha.Restricted/userland/x11/_build/sysroot/usr/lib -Wl,-rpath-link,/home/mearvk/IdeaProjects/Ubuntu.Determinant.Alpha.Restricted/userland/x11/_build/sysroot/usr/lib conftest.c -ltermcap  >&5
configure:7645: $? = 0
configure:7647: ./conftest
configure:7650: $? = 1
configure: program exited with status 1
configure: failed program was:
#line 7625 "configure"
#include "confdefs.h"

#ifdef HAVE_TERMCAP_H
#include <termcap.h>
#else
extern int tgetent(char *, const char *);
#endif

/* terminfo implementations ignore the buffer argument, making it useless for
 * the xterm application, which uses this information to make a new TERMCAP
 * environment variable.
 */
int main(void)
{
	char buffer[1024];
	buffer[0] = 0;
	tgetent(buffer, "vt100");
	return (buffer[0] == 0); }
no, there is no termcap/tgetent in termcap
configure:7642: gcc -o conftest -w -I/home/mearvk/IdeaProjects/Ubuntu.Determinant.Alpha.Restricted/userland/x11/_build/sysroot/usr/include -D_DEFAULT_SOURCE -D_XOPEN_SOURCE=700 -L/home/mearvk/IdeaProjects/Ubuntu.Determinant.Alpha.Restricted/userland/x11/_build/sysroot/usr/lib -Wl,-rpath-link,/home/mearvk/IdeaProjects/Ubuntu.Determinant.Alpha.Restricted/userland/x11/_build/sysroot/usr/lib conftest.c -ltermlib  >&5
/usr/bin/ld: cannot find -ltermlib: No such file or directory
collect2: error: ld returned 1 exit status
configure:7645: $? = 1
configure: program exited with status 1
configure: failed program was:
#line 7625 "configure"
#include "confdefs.h"

#ifdef HAVE_TERMCAP_H
#include <termcap.h>
#else
extern int tgetent(char *, const char *);
#endif

/* terminfo implementations ignore the buffer argument, making it useless for
 * the xterm application, which uses this information to make a new TERMCAP
 * environment variable.
 */
int main(void)
{
	char buffer[1024];
	buffer[0] = 0;
	tgetent(buffer, "vt100");
	return (buffer[0] == 0); }
no, there is no termcap/tgetent in termlib
configure:7642: gcc -o conftest -w -I/home/mearvk/IdeaProjects/Ubuntu.Determinant.Alpha.Restricted/userland/x11/_build/sysroot/usr/include -D_DEFAULT_SOURCE -D_XOPEN_SOURCE=700 -L/home/mearvk/IdeaProjects/Ubuntu.Determinant.Alpha.Restricted/userland/x11/_build/sysroot/usr/lib -Wl,-rpath-link,/home/mearvk/IdeaProjects/Ubuntu.Determinant.Alpha.Restricted/userland/x11/_build/sysroot/usr/lib conftest.c -lncursesw  >&5
configure:7645: $? = 0
configure:7647: ./conftest
configure:7650: $? = 1
configure: program exited with status 1
configure: failed program was:
#line 7625 "configure"
#include "confdefs.h"

#ifdef HAVE_TERMCAP_H
#include <termcap.h>
#else
extern int tgetent(char *, const char *);
#endif

/* terminfo implementations ignore the buffer argument, making it useless for
 * the xterm application, which uses this information to make a new TERMCAP
 * environment variable.
 */
int main(void)
{
	char buffer[1024];
	buffer[0] = 0;
	tgetent(buffer, "vt100");
	return (buffer[0] == 0); }
no, there is no termcap/tgetent in ncursesw
configure:7642: gcc -o conftest -w -I/home/mearvk/IdeaProjects/Ubuntu.Determinant.Alpha.Restricted/userland/x11/_build/sysroot/usr/include -D_DEFAULT_SOURCE -D_XOPEN_SOURCE=700 -L/home/mearvk/IdeaProjects/Ubuntu.Determinant.Alpha.Restricted/userland/x11/_build/sysroot/usr/lib -Wl,-rpath-link,/home/mearvk/IdeaProjects/Ubuntu.Determinant.Alpha.Restricted/userland/x11/_build/sysroot/usr/lib conftest.c -lncurses  >&5
configure:7645: $? = 0
configure:7647: ./conftest
configure:7650: $? = 1
configure: program exited with status 1
configure: failed program was:
#line 7625 "configure"
#include "confdefs.h"

#ifdef HAVE_TERMCAP_H
#include <termcap.h>
#else
extern int tgetent(char *, const char *);
#endif

/* terminfo implementations ignore the buffer argument, making it useless for
 * the xterm application, which uses this information to make a new TERMCAP
 * environment variable.
 */
int main(void)
{
	char buffer[1024];
	buffer[0] = 0;
	tgetent(buffer, "vt100");
	return (buffer[0] == 0); }
no, there is no termcap/tgetent in ncurses
configure:7642: gcc -o conftest -w -I/home/mearvk/IdeaProjects/Ubuntu.Determinant.Alpha.Restricted/userland/x11/_build/sysroot/usr/include -D_DEFAULT_SOURCE -D_XOPEN_SOURCE=700 -L/home/mearvk/IdeaProjects/Ubuntu.Determinant.Alpha.Restricted/userland/x11/_build/sysroot/usr/lib -Wl,-rpath-link,/home/mearvk/IdeaProjects/Ubuntu.Determinant.Alpha.Restricted/userland/x11/_build/sysroot/usr/lib conftest.c -lcurses  >&5
configure:7645: $? = 0
configure:7647: ./conftest
configure:7650: $? = 1
configure: program exited with status 1
configure: failed program was:
#line 7625 "configure"
#include "confdefs.h"

#ifdef HAVE_TERMCAP_H
#include <termcap.h>
#else
extern int tgetent(char *, const char *);
#endif

/* terminfo implementations ignore the buffer argument, making it useless for
 * the xterm application, which uses this information to make a new TERMCAP
 * environment variable.
 */
int main(void)
{
	char buffer[1024];
	buffer[0] = 0;
	tgetent(buffer, "vt100");
	return (buffer[0] == 0); }
no, there is no termcap/tgetent in curses
configure:7671: result: no
configure:7746: checking for partial tgetent function
configure:7768: gcc -o conftest -w -I/home/mearvk/IdeaProjects/Ubuntu.Determinant.Alpha.Restricted/userland/x11/_build/sysroot/usr/include -D_DEFAULT_SOURCE -D_XOPEN_SOURCE=700 -L/home/mearvk/IdeaProjects/Ubuntu.Determinant.Alpha.Restricted/userland/x11/_build/sysroot/usr/lib -Wl,-rpath-link,/home/mearvk/IdeaProjects/Ubuntu.Determinant.Alpha.Restricted/userland/x11/_build/sysroot/usr/lib conftest.c  -lotermcap >&5
/usr/bin/ld: cannot find -lotermcap: No such file or directory
collect2: error: ld returned 1 exit status
configure:7771: $? = 1
configure: failed program was:
#line 7756 "configure"
#include "confdefs.h"
#ifdef HAVE_TERMCAP_H
#include <termcap.h>
#else
extern int tgetent(char *, const char *);
#endif
int
main (void)
{
tgetent(0, "vt100")
  ;
  return 0;
}
configure:7768: gcc -o conftest -w -I/home/mearvk/IdeaProjects/Ubuntu.Determinant.Alpha.Restricted/userland/x11/_build/sysroot/usr/include -D_DEFAULT_SOURCE -D_XOPEN_SOURCE=700 -L/home/mearvk/IdeaProjects/Ubuntu.Determinant.Alpha.Restricted/userland/x11/_build/sysroot/usr/lib -Wl,-rpath-link,/home/mearvk/IdeaProjects/Ubuntu.Determinant.Alpha.Restricted/userland/x11/_build/sysroot/usr/lib conftest.c  -ltermcap >&5
configure:7771: $? = 0
configure:7774: test -s conftest
configure:7777: $? = 0
there is a terminfo/tgetent in termcap
configure:7791: result: -ltermcap
configure:7822: checking for X applications class
configure:7848: result: XTerm
configure:7851: checking for directory to install resource files
configure:7923: result: ${exec_prefix}/lib/X11/app-defaults
configure:7934: checking for the icon name
configure:7950: result: mini.xterm
configure:7953: checking for icon symlink to use
configure:7972: result: NONE
configure:7988: testing adding icons/filled-xterm to icon-list ...
configure:7988: testing adding icons/mini.xterm to icon-list ...
configure:7995: testing adding icons/mini.xterm_48x48 to icon-list ...
configure:7988: testing adding icons/xterm-color to icon-list ...
configure:7988: testing adding icons/xterm to icon-list ...
configure:8001: checking for directory to install pixmaps
configure:8059: result: ${datadir}/pixmaps
configure:8070: checking for directory to install icons
configure:8128: result: no
configure:8139: checking if icon theme should be used
configure:8157: result: no
configure:8190: checking for icon(s) to install
configure:8196: testing using .svg .png .xpm ...
configure:8271: result: icons/mini.xterm_48x48.png icons/mini.xterm_48x48.xpm
configure:8281: checking for icon name
configure:8283: result: mini.xterm
configure:8287: checking if you want to install desktop files
configure:8304: result: yes
configure:8311: checking for desktop-file-install
configure:8326: found /usr/bin/desktop-file-install
configure:8335: result: yes
configure:8348: checking for requested desktop-category
configure:8358: result: auto
configure:8381: testing inspect /usr/share/applications/org.gnome.Terminal.desktop ...
configure:8381: testing inspect /usr/share/applications/org.kde.konsole.desktop ...
configure:8412: testing ignored GNOME ...
configure:8412: testing ignored GTK ...
configure:8412: testing ignored KDE ...
configure:8412: testing ignored Qt ...
configure:8419: testing applied System ...
configure:8419: testing applied TerminalEmulator ...
configure:8453: testing will use Categories=System;TerminalEmulator; ...
configure:8457: checking for install-permissions reference
configure:8467: result: xterm
configure:8472: checking for PATH separator
configure:8479: result: :
configure:8487: checking for xterm
configure:8518: result: no
configure:8487: checking for xterm
configure:8518: result: no
configure:8598: checking for symbolic link to create to xterm
configure:8608: result: xterm
configure:8617: checking if you want to disable openpty
configure:8634: result: no
configure:8637: checking if you want to disable setuid
configure:8654: result: no
configure:8657: checking if you want to disable setgid
configure:8674: result: no
configure:8677: checking if you want to run xterm setuid to a given user
configure:8687: result: no
configure:8700: checking if you want to run xterm setgid to match utmp/utmpx file
configure:8710: result: no
configure:8783: checking if you want to link with utempter
configure:8793: result: no
configure:9018: checking if external errno is declared
configure:9039: gcc -c -w -I/home/mearvk/IdeaProjects/Ubuntu.Determinant.Alpha.Restricted/userland/x11/_build/sysroot/usr/include -D_DEFAULT_SOURCE -D_XOPEN_SOURCE=700 conftest.c >&5
configure:9042: $? = 0
configure:9045: test -s conftest.o
configure:9048: $? = 0
configure:9059: result: yes
configure:9074: checking if external errno exists
configure:9096: gcc -o conftest -w -I/home/mearvk/IdeaProjects/Ubuntu.Determinant.Alpha.Restricted/userland/x11/_build/sysroot/usr/include -D_DEFAULT_SOURCE -D_XOPEN_SOURCE=700 -L/home/mearvk/IdeaProjects/Ubuntu.Determinant.Alpha.Restricted/userland/x11/_build/sysroot/usr/lib -Wl,-rpath-link,/home/mearvk/IdeaProjects/Ubuntu.Determinant.Alpha.Restricted/userland/x11/_build/sysroot/usr/lib conftest.c -ltermcap  >&5
/usr/bin/ld: errno: TLS definition in /lib/x86_64-linux-gnu/libc.so.6 section .tbss mismatches non-TLS reference in /tmp/ccUKIi1M.o
/usr/bin/ld: /lib/x86_64-linux-gnu/libc.so.6: error adding symbols: bad value
collect2: error: ld returned 1 exit status
configure:9099: $? = 1
configure: failed program was:
#line 9081 "configure"
#include "confdefs.h"

#undef errno
extern int errno;

int
main (void)
{
errno = 2
  ;
  return 0;
}
configure:9116: result: no
configure:9129: checking for explicit tty group name
configure:9141: result: auto...
configure:9145: checking for tty group name
configure:9198: result: tty
configure:9218: checking if we may use the tty group
configure:9268: gcc -o conftest -w -I/home/mearvk/IdeaProjects/Ubuntu.Determinant.Alpha.Restricted/userland/x11/_build/sysroot/usr/include -D_DEFAULT_SOURCE -D_XOPEN_SOURCE=700 -L/home/mearvk/IdeaProjects/Ubuntu.Determinant.Alpha.Restricted/userland/x11/_build/sysroot/usr/lib -Wl,-rpath-link,/home/mearvk/IdeaProjects/Ubuntu.Determinant.Alpha.Restricted/userland/x11/_build/sysroot/usr/lib conftest.c -ltermcap  >&5
configure:9271: $? = 0
configure:9273: ./conftest
configure:9276: $? = 0
configure:9294: result: yes
configure:9309: checking for X
configure:9417: gcc -E -I/home/mearvk/IdeaProjects/Ubuntu.Determinant.Alpha.Restricted/userland/x11/_build/sysroot/usr/include -D_DEFAULT_SOURCE -D_XOPEN_SOURCE=700 conftest.c
configure:9423: $? = 0
configure:9468: gcc -o conftest -w -I/home/mearvk/IdeaProjects/Ubuntu.Determinant.Alpha.Restricted/userland/x11/_build/sysroot/usr/include -D_DEFAULT_SOURCE -D_XOPEN_SOURCE=700 -L/home/mearvk/IdeaProjects/Ubuntu.Determinant.Alpha.Restricted/userland/x11/_build/sysroot/usr/lib -Wl,-rpath-link,/home/mearvk/IdeaProjects/Ubuntu.Determinant.Alpha.Restricted/userland/x11/_build/sysroot/usr/lib conftest.c -lXt -ltermcap  >&5
configure:9471: $? = 0
configure:9474: test -s conftest
configure:9477: $? = 0
configure:9525: result: libraries , headers 
configure:9667: gcc -o conftest -w -I/home/mearvk/IdeaProjects/Ubuntu.Determinant.Alpha.Restricted/userland/x11/_build/sysroot/usr/include -D_DEFAULT_SOURCE -D_XOPEN_SOURCE=700 -L/home/mearvk/IdeaProjects/Ubuntu.Determinant.Alpha.Restricted/userland/x11/_build/sysroot/usr/lib -Wl,-rpath-link,/home/mearvk/IdeaProjects/Ubuntu.Determinant.Alpha.Restricted/userland/x11/_build/sysroot/usr/lib conftest.c -ltermcap   -lX11 >&5
configure:9670: $? = 0
configure:9673: test -s conftest
configure:9676: $? = 0
configure:9802: checking for gethostbyname
configure:9839: gcc -o conftest -w -I/home/mearvk/IdeaProjects/Ubuntu.Determinant.Alpha.Restricted/userland/x11/_build/sysroot/usr/include -D_DEFAULT_SOURCE -D_XOPEN_SOURCE=700 -L/home/mearvk/IdeaProjects/Ubuntu.Determinant.Alpha.Restricted/userland/x11/_build/sysroot/usr/lib -Wl,-rpath-link,/home/mearvk/IdeaProjects/Ubuntu.Determinant.Alpha.Restricted/userland/x11/_build/sysroot/usr/lib conftest.c -ltermcap  >&5
configure:9842: $? = 0
configure:9845: test -s conftest
configure:9848: $? = 0
configure:9858: result: yes
configure:9979: checking for connect
configure:10016: gcc -o conftest -w -I/home/mearvk/IdeaProjects/Ubuntu.Determinant.Alpha.Restricted/userland/x11/_build/sysroot/usr/include -D_DEFAULT_SOURCE -D_XOPEN_SOURCE=700 -L/home/mearvk/IdeaProjects/Ubuntu.Determinant.Alpha.Restricted/userland/x11/_build/sysroot/usr/lib -Wl,-rpath-link,/home/mearvk/IdeaProjects/Ubuntu.Determinant.Alpha.Restricted/userland/x11/_build/sysroot/usr/lib conftest.c -ltermcap  >&5
configure:10019: $? = 0
configure:10022: test -s conftest
configure:10025: $? = 0
configure:10035: result: yes
configure:10095: checking for remove
configure:10132: gcc -o conftest -w -I/home/mearvk/IdeaProjects/Ubuntu.Determinant.Alpha.Restricted/userland/x11/_build/sysroot/usr/include -D_DEFAULT_SOURCE -D_XOPEN_SOURCE=700 -L/home/mearvk/IdeaProjects/Ubuntu.Determinant.Alpha.Restricted/userland/x11/_build/sysroot/usr/lib -Wl,-rpath-link,/home/mearvk/IdeaProjects/Ubuntu.Determinant.Alpha.Restricted/userland/x11/_build/sysroot/usr/lib conftest.c -ltermcap  >&5
configure:10135: $? = 0
configure:10138: test -s conftest
configure:10141: $? = 0
configure:10151: result: yes
configure:10211: checking for shmat
configure:10248: gcc -o conftest -w -I/home/mearvk/IdeaProjects/Ubuntu.Determinant.Alpha.Restricted/userland/x11/_build/sysroot/usr/include -D_DEFAULT_SOURCE -D_XOPEN_SOURCE=700 -L/home/mearvk/IdeaProjects/Ubuntu.Determinant.Alpha.Restricted/userland/x11/_build/sysroot/usr/lib -Wl,-rpath-link,/home/mearvk/IdeaProjects/Ubuntu.Determinant.Alpha.Restricted/userland/x11/_build/sysroot/usr/lib conftest.c -ltermcap  >&5
configure:10251: $? = 0
configure:10254: test -s conftest
configure:10257: $? = 0
configure:10267: result: yes
configure:10336: checking for IceConnectionNumber in -lICE
configure:10363: gcc -o conftest -w -I/home/mearvk/IdeaProjects/Ubuntu.Determinant.Alpha.Restricted/userland/x11/_build/sysroot/usr/include -D_DEFAULT_SOURCE -D_XOPEN_SOURCE=700 -L/home/mearvk/IdeaProjects/Ubuntu.Determinant.Alpha.Restricted/userland/x11/_build/sysroot/usr/lib -Wl,-rpath-link,/home/mearvk/IdeaProjects/Ubuntu.Determinant.Alpha.Restricted/userland/x11/_build/sysroot/usr/lib conftest.c -lICE  -ltermcap  >&5
configure:10366: $? = 0
configure:10369: test -s conftest
configure:10372: $? = 0
configure:10383: result: yes
configure:10393: checking for sys/wait.h that is POSIX.1 compatible
configure:10421: gcc -c -w -I/home/mearvk/IdeaProjects/Ubuntu.Determinant.Alpha.Restricted/userland/x11/_build/sysroot/usr/include -D_DEFAULT_SOURCE -D_XOPEN_SOURCE=700 conftest.c >&5
configure:10424: $? = 0
configure:10427: test -s conftest.o
configure:10430: $? = 0
configure:10440: result: yes
configure:10450: checking for POSIX wait functions
configure:10481: gcc -o conftest -w -I/home/mearvk/IdeaProjects/Ubuntu.Determinant.Alpha.Restricted/userland/x11/_build/sysroot/usr/include -D_DEFAULT_SOURCE -D_XOPEN_SOURCE=700 -L/home/mearvk/IdeaProjects/Ubuntu.Determinant.Alpha.Restricted/userland/x11/_build/sysroot/usr/lib -Wl,-rpath-link,/home/mearvk/IdeaProjects/Ubuntu.Determinant.Alpha.Restricted/userland/x11/_build/sysroot/usr/lib conftest.c -ltermcap  >&5
configure:10484: $? = 0
configure:10487: test -s conftest
configure:10490: $? = 0
configure:10501: result: yes
configure:10508: checking if external sys_nerr is declared
configure:10529: gcc -c -w -I/home/mearvk/IdeaProjects/Ubuntu.Determinant.Alpha.Restricted/userland/x11/_build/sysroot/usr/include -D_DEFAULT_SOURCE -D_XOPEN_SOURCE=700 conftest.c >&5
configure: In function 'main':
configure:10555:15: error: 'sys_nerr' undeclared (first use in this function)
10555 | 
      |               ^       
configure:10555:15: note: each undeclared identifier is reported only once for each function it appears in
configure:10532: $? = 1
configure: failed program was:
#line 10515 "configure"
#include "confdefs.h"

#include <stdio.h>
#if HAVE_SYS_TYPES_H
# include <sys/types.h>
#endif
#if HAVE_SYS_STAT_H
# include <sys/stat.h>
#endif
#if STDC_HEADERS
# include <stdlib.h>
# include <stddef.h>
#else
# if HAVE_STDLIB_H
#  include <stdlib.h>
# endif
#endif
#if HAVE_STRING_H
# if !STDC_HEADERS && HAVE_MEMORY_H
#  include <memory.h>
# endif
# include <string.h>
#endif
#if HAVE_STRINGS_H
# include <strings.h>
#endif
#if HAVE_INTTYPES_H
# include <inttypes.h>
#else
# if HAVE_STDINT_H
#  include <stdint.h>
# endif
#endif
#if HAVE_UNISTD_H
# include <unistd.h>
#endif
#include <errno.h>
int
main (void)
{
int x = (int) sys_nerr; (void)x
  ;
  return 0;
}
configure:10549: result: no
configure:10564: checking if external sys_nerr exists
configure:10586: gcc -o conftest -w -I/home/mearvk/IdeaProjects/Ubuntu.Determinant.Alpha.Restricted/userland/x11/_build/sysroot/usr/include -D_DEFAULT_SOURCE -D_XOPEN_SOURCE=700 -L/home/mearvk/IdeaProjects/Ubuntu.Determinant.Alpha.Restricted/userland/x11/_build/sysroot/usr/lib -Wl,-rpath-link,/home/mearvk/IdeaProjects/Ubuntu.Determinant.Alpha.Restricted/userland/x11/_build/sysroot/usr/lib conftest.c -ltermcap  >&5
/usr/bin/ld: /tmp/cc8DDjs4.o: warning: relocation against `sys_nerr' in read-only section `.text'
/usr/bin/ld: /tmp/cc8DDjs4.o: in function `main':
conftest.c:(.text+0xa): undefined reference to `sys_nerr'
/usr/bin/ld: warning: creating DT_TEXTREL in a PIE
collect2: error: ld returned 1 exit status
configure:10589: $? = 1
configure: failed program was:
#line 10571 "configure"
#include "confdefs.h"

#undef sys_nerr
extern int sys_nerr;

int
main (void)
{
sys_nerr = 2
  ;
  return 0;
}
configure:10606: result: no
configure:10619: checking if external sys_errlist is declared
configure:10640: gcc -c -w -I/home/mearvk/IdeaProjects/Ubuntu.Determinant.Alpha.Restricted/userland/x11/_build/sysroot/usr/include -D_DEFAULT_SOURCE -D_XOPEN_SOURCE=700 conftest.c >&5
configure: In function 'main':
configure:10666:15: error: 'sys_errlist' undeclared (first use in this function)
10666 | 
      |               ^          
configure:10666:15: note: each undeclared identifier is reported only once for each function it appears in
configure:10643: $? = 1
configure: failed program was:
#line 10626 "configure"
#include "confdefs.h"

#include <stdio.h>
#if HAVE_SYS_TYPES_H
# include <sys/types.h>
#endif
#if HAVE_SYS_STAT_H
# include <sys/stat.h>
#endif
#if STDC_HEADERS
# include <stdlib.h>
# include <stddef.h>
#else
# if HAVE_STDLIB_H
#  include <stdlib.h>
# endif
#endif
#if HAVE_STRING_H
# if !STDC_HEADERS && HAVE_MEMORY_H
#  include <memory.h>
# endif
# include <string.h>
#endif
#if HAVE_STRINGS_H
# include <strings.h>
#endif
#if HAVE_INTTYPES_H
# include <inttypes.h>
#else
# if HAVE_STDINT_H
#  include <stdint.h>
# endif
#endif
#if HAVE_UNISTD_H
# include <unistd.h>
#endif
#include <errno.h>
int
main (void)
{
int x = (int) sys_errlist; (void)x
  ;
  return 0;
}
configure:10660: result: no
configure:10675: checking if external sys_errlist exists
configure:10697: gcc -o conftest -w -I/home/mearvk/IdeaProjects/Ubuntu.Determinant.Alpha.Restricted/userland/x11/_build/sysroot/usr/include -D_DEFAULT_SOURCE -D_XOPEN_SOURCE=700 -L/home/mearvk/IdeaProjects/Ubuntu.Determinant.Alpha.Restricted/userland/x11/_build/sysroot/usr/lib -Wl,-rpath-link,/home/mearvk/IdeaProjects/Ubuntu.Determinant.Alpha.Restricted/userland/x11/_build/sysroot/usr/lib conftest.c -ltermcap  >&5
/usr/bin/ld: /tmp/ccMCSHP0.o: warning: relocation against `sys_errlist' in read-only section `.text'
/usr/bin/ld: /tmp/ccMCSHP0.o: in function `main':
conftest.c:(.text+0xa): undefined reference to `sys_errlist'
/usr/bin/ld: warning: creating DT_TEXTREL in a PIE
collect2: error: ld returned 1 exit status
configure:10700: $? = 1
configure: failed program was:
#line 10682 "configure"
#include "confdefs.h"

#undef sys_errlist
extern int sys_errlist;

int
main (void)
{
sys_errlist = 2
  ;
  return 0;
}
configure:10717: result: no
configure:10753: checking for termios.h
configure:10788: result: yes
configure:10753: checking for stdlib.h
configure:10788: result: yes
configure:10753: checking for X11/Intrinsic.h
configure:10763: gcc -E -I/home/mearvk/IdeaProjects/Ubuntu.Determinant.Alpha.Restricted/userland/x11/_build/sysroot/usr/include -D_DEFAULT_SOURCE -D_XOPEN_SOURCE=700 conftest.c
configure:10769: $? = 0
configure:10788: result: yes
configure:10798: checking if we should define SYSV
configure:10849: gcc -c -w -I/home/mearvk/IdeaProjects/Ubuntu.Determinant.Alpha.Restricted/userland/x11/_build/sysroot/usr/include -D_DEFAULT_SOURCE -D_XOPEN_SOURCE=700 conftest.c >&5
configure:10824:10: fatal error: sys/termio.h: No such file or directory
10824 | #include <errno.h>              /* declare sys_errlist on older systems */
      |          ^~~~~~~~~~~~~~~~~~~~~~~~~~
compilation terminated.
configure:10852: $? = 1
configure: failed program was:
#line 10805 "configure"
#include "confdefs.h"

#undef  SYSV
#define SYSV 1			/* get Xos.h to declare sys_errlist[] */
#ifdef HAVE_STDLIB_H
#include <stdlib.h>		/* look for wchar_t */
#endif
#ifdef HAVE_X11_INTRINSIC_H
#include <X11/Intrinsic.h>	/* Intrinsic.h has other traps... */
#endif
#ifdef HAVE_TERMIOS_H		/* needed for HPUX 10.20 */
#include <termios.h>
#define STRUCT_TERMIOS struct termios
#else
#define STRUCT_TERMIOS struct termio
#endif
#include <curses.h>
#include <term.h>		/* eliminate most BSD hacks */
#include <errno.h>		/* declare sys_errlist on older systems */
#include <sys/termio.h>		/* eliminate most of the remaining ones */

int
main (void)
{

static STRUCT_TERMIOS d_tio;
	d_tio.c_cc[VINTR] = 0;
	d_tio.c_cc[VQUIT] = 0;
	d_tio.c_cc[VERASE] = 0;
	d_tio.c_cc[VKILL] = 0;
	d_tio.c_cc[VEOF] = 0;
	d_tio.c_cc[VEOL] = 0;
	d_tio.c_cc[VMIN] = 0;
	d_tio.c_cc[VTIME] = 0;
#if defined(HAVE_SYS_ERRLIST) && !defined(DECL_SYS_ERRLIST)
sys_errlist[0] = "";		/* Cygwin mis-declares this */
#endif

  ;
  return 0;
}
configure:10869: result: no
configure:10880: checking for elf_begin in -lelf
configure:10907: gcc -o conftest -w -I/home/mearvk/IdeaProjects/Ubuntu.Determinant.Alpha.Restricted/userland/x11/_build/sysroot/usr/include -D_DEFAULT_SOURCE -D_XOPEN_SOURCE=700 -L/home/mearvk/IdeaProjects/Ubuntu.Determinant.Alpha.Restricted/userland/x11/_build/sysroot/usr/lib -Wl,-rpath-link,/home/mearvk/IdeaProjects/Ubuntu.Determinant.Alpha.Restricted/userland/x11/_build/sysroot/usr/lib conftest.c -lelf  -ltermcap  >&5
configure:10910: $? = 0
configure:10913: test -s conftest
configure:10916: $? = 0
configure:10927: result: yes
configure:10931: checking if this is an SVR4 system
configure:10967: gcc -c -w -I/home/mearvk/IdeaProjects/Ubuntu.Determinant.Alpha.Restricted/userland/x11/_build/sysroot/usr/include -D_DEFAULT_SOURCE -D_XOPEN_SOURCE=700 conftest.c >&5
configure:10944:10: fatal error: sys/termio.h: No such file or directory
10944 | #include <elf.h>
      |          ^~~~~~~       
compilation terminated.
configure:10970: $? = 1
configure: failed program was:
#line 10938 "configure"
#include "confdefs.h"

#if defined(__CYGWIN__)
#error Cygwin is not SVr4
#endif
#include <elf.h>
#include <sys/termio.h>

int
main (void)
{

static struct termio d_tio;
	d_tio.c_cc[VINTR] = 0;
	d_tio.c_cc[VQUIT] = 0;
	d_tio.c_cc[VERASE] = 0;
	d_tio.c_cc[VKILL] = 0;
	d_tio.c_cc[VEOF] = 0;
	d_tio.c_cc[VEOL] = 0;
	d_tio.c_cc[VMIN] = 0;
	d_tio.c_cc[VTIME] = 0;
	d_tio.c_cc[VLNEXT] = 0;

  ;
  return 0;
}
configure:10987: result: no
configure:10997: checking if you want to use pkg-config
configure:11007: result: yes
configure:11059: checking for pkg-config
configure:11076: found /usr/bin/pkg-config
configure:11088: result: /usr/bin/pkg-config
configure:11711: testing found package xt ...
configure:11717: testing package xt CFLAGS: -I/usr/include/uuid  ...
configure:11721: testing package xt LIBS: -lXt -lX11  ...
configure:12047: checking for usable X Toolkit package
configure:12070: gcc -o conftest -w -I/home/mearvk/IdeaProjects/Ubuntu.Determinant.Alpha.Restricted/userland/x11/_build/sysroot/usr/include -D_DEFAULT_SOURCE -D_XOPEN_SOURCE=700 -I/usr/include/uuid -L/home/mearvk/IdeaProjects/Ubuntu.Determinant.Alpha.Restricted/userland/x11/_build/sysroot/usr/lib -Wl,-rpath-link,/home/mearvk/IdeaProjects/Ubuntu.Determinant.Alpha.Restricted/userland/x11/_build/sysroot/usr/lib conftest.c -lXt -lX11  -lSM -lICE -ltermcap   >&5
configure:12073: $? = 0
configure:12076: test -s conftest
configure:12079: $? = 0
configure:12089: result: yes
configure:12835: checking for X11/DECkeysym.h
configure:12845: gcc -E -I/home/mearvk/IdeaProjects/Ubuntu.Determinant.Alpha.Restricted/userland/x11/_build/sysroot/usr/include -D_DEFAULT_SOURCE -D_XOPEN_SOURCE=700 -I/usr/include/uuid conftest.c
configure:12851: $? = 0
configure:12870: result: yes
configure:12835: checking for X11/Sunkeysym.h
configure:12845: gcc -E -I/home/mearvk/IdeaProjects/Ubuntu.Determinant.Alpha.Restricted/userland/x11/_build/sysroot/usr/include -D_DEFAULT_SOURCE -D_XOPEN_SOURCE=700 -I/usr/include/uuid conftest.c
configure:12851: $? = 0
configure:12870: result: yes
configure:12835: checking for X11/XF86keysym.h
configure:12845: gcc -E -I/home/mearvk/IdeaProjects/Ubuntu.Determinant.Alpha.Restricted/userland/x11/_build/sysroot/usr/include -D_DEFAULT_SOURCE -D_XOPEN_SOURCE=700 -I/usr/include/uuid conftest.c
configure:12851: $? = 0
configure:12870: result: yes
configure:12835: checking for X11/XKBlib.h
configure:12845: gcc -E -I/home/mearvk/IdeaProjects/Ubuntu.Determinant.Alpha.Restricted/userland/x11/_build/sysroot/usr/include -D_DEFAULT_SOURCE -D_XOPEN_SOURCE=700 -I/usr/include/uuid conftest.c
configure:12851: $? = 0
configure:12870: result: yes
configure:12835: checking for X11/TranslateI.h
configure:12845: gcc -E -I/home/mearvk/IdeaProjects/Ubuntu.Determinant.Alpha.Restricted/userland/x11/_build/sysroot/usr/include -D_DEFAULT_SOURCE -D_XOPEN_SOURCE=700 -I/usr/include/uuid conftest.c
configure:12851: $? = 0
configure:12870: result: yes
configure:12835: checking for X11/Xpoll.h
configure:12845: gcc -E -I/home/mearvk/IdeaProjects/Ubuntu.Determinant.Alpha.Restricted/userland/x11/_build/sysroot/usr/include -D_DEFAULT_SOURCE -D_XOPEN_SOURCE=700 -I/usr/include/uuid conftest.c
configure:12851: $? = 0
configure:12870: result: yes
configure:12835: checking for X11/extensions/XKB.h
configure:12845: gcc -E -I/home/mearvk/IdeaProjects/Ubuntu.Determinant.Alpha.Restricted/userland/x11/_build/sysroot/usr/include -D_DEFAULT_SOURCE -D_XOPEN_SOURCE=700 -I/usr/include/uuid conftest.c
configure:12851: $? = 0
configure:12870: result: yes
configure:12885: checking if you want to use the Xpm library for colored icon
configure:12895: result: yes
configure:12903: checking for X11/xpm.h
configure:12913: gcc -E -I/home/mearvk/IdeaProjects/Ubuntu.Determinant.Alpha.Restricted/userland/x11/_build/sysroot/usr/include -D_DEFAULT_SOURCE -D_XOPEN_SOURCE=700 -I/usr/include/uuid conftest.c
configure:12919: $? = 0
configure:12938: result: yes
configure:12942: checking for XpmCreatePixmapFromData in -lXpm
configure:12969: gcc -o conftest -w -I/home/mearvk/IdeaProjects/Ubuntu.Determinant.Alpha.Restricted/userland/x11/_build/sysroot/usr/include -D_DEFAULT_SOURCE -D_XOPEN_SOURCE=700 -I/usr/include/uuid -L/home/mearvk/IdeaProjects/Ubuntu.Determinant.Alpha.Restricted/userland/x11/_build/sysroot/usr/lib -Wl,-rpath-link,/home/mearvk/IdeaProjects/Ubuntu.Determinant.Alpha.Restricted/userland/x11/_build/sysroot/usr/lib conftest.c -lXpm -lX11  -lXt -lX11  -lSM -lICE -ltermcap   >&5
configure:12972: $? = 0
configure:12975: test -s conftest
configure:12978: $? = 0
configure:12989: result: yes
configure:13009: checking if you want to use the Xinerama extension
configure:13019: result: yes
configure:13026: testing found package xinerama ...
configure:13032: testing package xinerama CFLAGS:  ...
configure:13036: testing package xinerama LIBS: -lXinerama  ...
configure:13285: checking if you want to link with Xaw 3d library
configure:13299: result: no
configure:13303: checking if you want to link with Xaw 3d xft library
configure:13317: result: no
configure:13321: checking if you want to link with neXT Athena library
configure:13335: result: no
configure:13339: checking if you want to link with Athena-Plus library
configure:13353: result: no
configure:13373: testing found package xaw7 ...
configure:13379: testing package xaw7 CFLAGS: -I/usr/include/uuid  ...
configure:13383: testing package xaw7 LIBS: -lXaw7 -lXt -lX11  ...
configure:13520: checking for usable Xaw/Xmu package
configure:13545: gcc -o conftest -w -I/home/mearvk/IdeaProjects/Ubuntu.Determinant.Alpha.Restricted/userland/x11/_build/sysroot/usr/include -D_DEFAULT_SOURCE -D_XOPEN_SOURCE=700 -I/usr/include/uuid -L/home/mearvk/IdeaProjects/Ubuntu.Determinant.Alpha.Restricted/userland/x11/_build/sysroot/usr/lib -Wl,-rpath-link,/home/mearvk/IdeaProjects/Ubuntu.Determinant.Alpha.Restricted/userland/x11/_build/sysroot/usr/lib conftest.c -lXaw7 -lXinerama -lXpm -lXt -lX11  -lSM -lICE -ltermcap   >&5
/usr/bin/ld: /tmp/cczaS7sz.o: in function `main':
conftest.c:(.text+0x21): undefined reference to `XmuCompareISOLatin1'
collect2: error: ld returned 1 exit status
configure:13548: $? = 1
configure: failed program was:
#line 13527 "configure"
#include "confdefs.h"

#include <stdio.h>
#if HAVE_SYS_TYPES_H
# include <sys/types.h>
#endif
#if HAVE_SYS_STAT_H
# include <sys/stat.h>
#endif
#if STDC_HEADERS
# include <stdlib.h>
# include <stddef.h>
#else
# if HAVE_STDLIB_H
#  include <stdlib.h>
# endif
#endif
#if HAVE_STRING_H
# if !STDC_HEADERS && HAVE_MEMORY_H
#  include <memory.h>
# endif
# include <string.h>
#endif
#if HAVE_STRINGS_H
# include <strings.h>
#endif
#if HAVE_INTTYPES_H
# include <inttypes.h>
#else
# if HAVE_STDINT_H
#  include <stdint.h>
# endif
#endif
#if HAVE_UNISTD_H
# include <unistd.h>
#endif
#include <X11/Xmu/CharSet.h>

int
main (void)
{

int check = XmuCompareISOLatin1("big", "small");
(void)check;

  ;
  return 0;
}
configure:13564: result: no
configure:13576: testing work around broken package ...
configure:13584: testing found package xmu ...
configure:13590: testing package xmu CFLAGS: -I/usr/include/uuid  ...
configure:13594: testing package xmu LIBS: -lXmu -lXt -lX11  ...
configure:13714: testing ...before -lXaw7 -lXinerama -lXpm -lXt -lX11  -lSM -lICE -ltermcap   ...
configure:13719: testing ...after  -lXaw7 -lXmu -lXt -lX11 -lXinerama -lXpm -lXt -lX11 -lSM -lICE -ltermcap  ...
configure:13743: testing ..trimmed -lXaw7 -lXmu -lX11 -lXinerama -lXpm -lXt -lX11 -lSM -lICE -ltermcap ...
configure:13743: testing ..trimmed -lXaw7 -lXmu -lXinerama -lXpm -lXt -lX11 -lSM -lICE -ltermcap ...
configure:15889: checking for X11/Xpoll.h
configure:15924: result: yes
configure:15934: checking for declaration of fd_set
configure:15940: testing sys/types alone ...
configure:15956: gcc -c -w -I/home/mearvk/IdeaProjects/Ubuntu.Determinant.Alpha.Restricted/userland/x11/_build/sysroot/usr/include -D_DEFAULT_SOURCE -D_XOPEN_SOURCE=700 -I/usr/include/uuid conftest.c >&5
configure:15959: $? = 0
configure:15962: test -s conftest.o
configure:15965: $? = 0
configure:16046: result: sys/types.h
configure:16056: checking for declaration of fd_mask
configure:16135: result: sys/types.h
configure:16145: checking for IRIX 6.5 baud-rate redefinitions
configure:16171: gcc -c -w -I/home/mearvk/IdeaProjects/Ubuntu.Determinant.Alpha.Restricted/userland/x11/_build/sysroot/usr/include -D_DEFAULT_SOURCE -D_XOPEN_SOURCE=700 -I/usr/include/uuid conftest.c >&5
configure:16155:10: fatal error: sys/termio.h: No such file or directory
16155 | #include <sys/types.h>
      |          ^~~~~~~~~~~~~ 
compilation terminated.
configure:16174: $? = 1
configure: failed program was:
#line 16152 "configure"
#include "confdefs.h"

#include <sys/types.h>
#include <sys/termio.h>
int
main (void)
{

struct termio foo;
foo.c_ispeed = B38400;
foo.c_ospeed = B9600;
(void)foo;

  ;
  return 0;
}
configure:16192: result: no
configure:16199: checking for termios type tcflag_t
configure:16219: gcc -c -w -I/home/mearvk/IdeaProjects/Ubuntu.Determinant.Alpha.Restricted/userland/x11/_build/sysroot/usr/include -D_DEFAULT_SOURCE -D_XOPEN_SOURCE=700 -I/usr/include/uuid conftest.c >&5
configure:16222: $? = 0
configure:16225: test -s conftest.o
configure:16228: $? = 0
configure:16239: result: yes
configure:16246: checking for termios type speed_t
configure:16266: gcc -c -w -I/home/mearvk/IdeaProjects/Ubuntu.Determinant.Alpha.Restricted/userland/x11/_build/sysroot/usr/include -D_DEFAULT_SOURCE -D_XOPEN_SOURCE=700 -I/usr/include/uuid conftest.c >&5
configure:16269: $? = 0
configure:16272: test -s conftest.o
configure:16275: $? = 0
configure:16286: result: yes
configure:16293: checking for termios type cc_t
configure:16313: gcc -c -w -I/home/mearvk/IdeaProjects/Ubuntu.Determinant.Alpha.Restricted/userland/x11/_build/sysroot/usr/include -D_DEFAULT_SOURCE -D_XOPEN_SOURCE=700 -I/usr/include/uuid conftest.c >&5
configure:16316: $? = 0
configure:16319: test -s conftest.o
configure:16322: $? = 0
configure:16333: result: yes
configure:16345: checking if we expect to use the Xcursor library
configure:16362: result: yes
configure:16379: checking for stropts.h
configure:16389: gcc -E -I/home/mearvk/IdeaProjects/Ubuntu.Determinant.Alpha.Restricted/userland/x11/_build/sysroot/usr/include -D_DEFAULT_SOURCE -D_XOPEN_SOURCE=700 -I/usr/include/uuid conftest.c
configure:16386:10: fatal error: stropts.h: No such file or directory
16386 | #include "confdefs.h"
      |          ^~~~~~~~~~~
compilation terminated.
configure:16395: $? = 1
configure: failed program was:
#line 16385 "configure"
#include "confdefs.h"
#include <stropts.h>
configure:16414: result: no
configure:16444: checking for grantpt
configure:16481: gcc -o conftest -w -I/home/mearvk/IdeaProjects/Ubuntu.Determinant.Alpha.Restricted/userland/x11/_build/sysroot/usr/include -D_DEFAULT_SOURCE -D_XOPEN_SOURCE=700 -I/usr/include/uuid -L/home/mearvk/IdeaProjects/Ubuntu.Determinant.Alpha.Restricted/userland/x11/_build/sysroot/usr/lib -Wl,-rpath-link,/home/mearvk/IdeaProjects/Ubuntu.Determinant.Alpha.Restricted/userland/x11/_build/sysroot/usr/lib conftest.c -lXaw7 -lXmu -lXinerama -lXpm -lXt -lX11 -lSM -lICE -ltermcap  >&5
configure:16484: $? = 0
configure:16487: test -s conftest
configure:16490: $? = 0
configure:16500: result: yes
configure:16444: checking for ptsname
configure:16481: gcc -o conftest -w -I/home/mearvk/IdeaProjects/Ubuntu.Determinant.Alpha.Restricted/userland/x11/_build/sysroot/usr/include -D_DEFAULT_SOURCE -D_XOPEN_SOURCE=700 -I/usr/include/uuid -L/home/mearvk/IdeaProjects/Ubuntu.Determinant.Alpha.Restricted/userland/x11/_build/sysroot/usr/lib -Wl,-rpath-link,/home/mearvk/IdeaProjects/Ubuntu.Determinant.Alpha.Restricted/userland/x11/_build/sysroot/usr/lib conftest.c -lXaw7 -lXmu -lXinerama -lXpm -lXt -lX11 -lSM -lICE -ltermcap  >&5
configure:16484: $? = 0
configure:16487: test -s conftest
configure:16490: $? = 0
configure:16500: result: yes
configure:16444: checking for posix_openpt
configure:16481: gcc -o conftest -w -I/home/mearvk/IdeaProjects/Ubuntu.Determinant.Alpha.Restricted/userland/x11/_build/sysroot/usr/include -D_DEFAULT_SOURCE -D_XOPEN_SOURCE=700 -I/usr/include/uuid -L/home/mearvk/IdeaProjects/Ubuntu.Determinant.Alpha.Restricted/userland/x11/_build/sysroot/usr/lib -Wl,-rpath-link,/home/mearvk/IdeaProjects/Ubuntu.Determinant.Alpha.Restricted/userland/x11/_build/sysroot/usr/lib conftest.c -lXaw7 -lXmu -lXinerama -lXpm -lXt -lX11 -lSM -lICE -ltermcap  >&5
configure:16484: $? = 0
configure:16487: test -s conftest
configure:16490: $? = 0
configure:16500: result: yes
configure:16512: checking if grantpt really works
configure:16615: gcc -o conftest -w -I/home/mearvk/IdeaProjects/Ubuntu.Determinant.Alpha.Restricted/userland/x11/_build/sysroot/usr/include -D_DEFAULT_SOURCE -D_XOPEN_SOURCE=700 -I/usr/include/uuid -L/home/mearvk/IdeaProjects/Ubuntu.Determinant.Alpha.Restricted/userland/x11/_build/sysroot/usr/lib -Wl,-rpath-link,/home/mearvk/IdeaProjects/Ubuntu.Determinant.Alpha.Restricted/userland/x11/_build/sysroot/usr/lib conftest.c -lXaw7 -lXmu -lXinerama -lXpm -lXt -lX11 -lSM -lICE -ltermcap  >&5
configure:16618: $? = 0
configure:16621: test -s conftest
configure:16624: $? = 0
configure:16729: gcc -o conftest -w -I/home/mearvk/IdeaProjects/Ubuntu.Determinant.Alpha.Restricted/userland/x11/_build/sysroot/usr/include -D_DEFAULT_SOURCE -D_XOPEN_SOURCE=700 -I/usr/include/uuid -L/home/mearvk/IdeaProjects/Ubuntu.Determinant.Alpha.Restricted/userland/x11/_build/sysroot/usr/lib -Wl,-rpath-link,/home/mearvk/IdeaProjects/Ubuntu.Determinant.Alpha.Restricted/userland/x11/_build/sysroot/usr/lib conftest.c -lXaw7 -lXmu -lXinerama -lXpm -lXt -lX11 -lSM -lICE -ltermcap  >&5
configure:16732: $? = 0
configure:16734: ./conftest
configure:16737: $? = 0
configure:16756: result: yes
configure:16762: checking for pty features
configure:16778: testing pty feature test 4:5 ...
configure:16886: gcc -o conftest -w -I/home/mearvk/IdeaProjects/Ubuntu.Determinant.Alpha.Restricted/userland/x11/_build/sysroot/usr/include -D_DEFAULT_SOURCE -D_XOPEN_SOURCE=700 -I/usr/include/uuid -L/home/mearvk/IdeaProjects/Ubuntu.Determinant.Alpha.Restricted/userland/x11/_build/sysroot/usr/lib -Wl,-rpath-link,/home/mearvk/IdeaProjects/Ubuntu.Determinant.Alpha.Restricted/userland/x11/_build/sysroot/usr/lib conftest.c -lXaw7 -lXmu -lXinerama -lXpm -lXt -lX11 -lSM -lICE -ltermcap  >&5
configure:16889: $? = 0
configure:16891: ./conftest
configure:16894: $? = 0
configure:16778: testing pty feature test 5:5 ...
configure:16886: gcc -o conftest -w -I/home/mearvk/IdeaProjects/Ubuntu.Determinant.Alpha.Restricted/userland/x11/_build/sysroot/usr/include -D_DEFAULT_SOURCE -D_XOPEN_SOURCE=700 -I/usr/include/uuid -L/home/mearvk/IdeaProjects/Ubuntu.Determinant.Alpha.Restricted/userland/x11/_build/sysroot/usr/lib -Wl,-rpath-link,/home/mearvk/IdeaProjects/Ubuntu.Determinant.Alpha.Restricted/userland/x11/_build/sysroot/usr/lib conftest.c -lXaw7 -lXmu -lXinerama -lXpm -lXt -lX11 -lSM -lICE -ltermcap  >&5
configure:16889: $? = 0
configure:16891: ./conftest
configure:16894: $? = 0
configure:16778: testing pty feature test 6:5 ...
configure:16886: gcc -o conftest -w -I/home/mearvk/IdeaProjects/Ubuntu.Determinant.Alpha.Restricted/userland/x11/_build/sysroot/usr/include -D_DEFAULT_SOURCE -D_XOPEN_SOURCE=700 -I/usr/include/uuid -L/home/mearvk/IdeaProjects/Ubuntu.Determinant.Alpha.Restricted/userland/x11/_build/sysroot/usr/lib -Wl,-rpath-link,/home/mearvk/IdeaProjects/Ubuntu.Determinant.Alpha.Restricted/userland/x11/_build/sysroot/usr/lib conftest.c -lXaw7 -lXmu -lXinerama -lXpm -lXt -lX11 -lSM -lICE -ltermcap  >&5
configure:16889: $? = 0
configure:16891: ./conftest
configure:16894: $? = 0
configure:16945: result:  pty_isatty pty_tcsetattr tty_tcsetattr
configure:16958: checking for openpty in -lutil
configure:16985: gcc -o conftest -w -I/home/mearvk/IdeaProjects/Ubuntu.Determinant.Alpha.Restricted/userland/x11/_build/sysroot/usr/include -D_DEFAULT_SOURCE -D_XOPEN_SOURCE=700 -I/usr/include/uuid -L/home/mearvk/IdeaProjects/Ubuntu.Determinant.Alpha.Restricted/userland/x11/_build/sysroot/usr/lib -Wl,-rpath-link,/home/mearvk/IdeaProjects/Ubuntu.Determinant.Alpha.Restricted/userland/x11/_build/sysroot/usr/lib conftest.c -lutil  -lXaw7 -lXmu -lXinerama -lXpm -lXt -lX11 -lSM -lICE -ltermcap  >&5
configure:16988: $? = 0
configure:16991: test -s conftest
configure:16994: $? = 0
configure:17005: result: yes
configure:17028: checking for util.h
configure:17038: gcc -E -I/home/mearvk/IdeaProjects/Ubuntu.Determinant.Alpha.Restricted/userland/x11/_build/sysroot/usr/include -D_DEFAULT_SOURCE -D_XOPEN_SOURCE=700 -I/usr/include/uuid conftest.c
configure:17035:10: fatal error: util.h: No such file or directory
17035 | #include "confdefs.h"
      |          ^~~~~~~~
compilation terminated.
configure:17044: $? = 1
configure: failed program was:
#line 17034 "configure"
#include "confdefs.h"
#include <util.h>
configure:17063: result: no
configure:17028: checking for libutil.h
configure:17038: gcc -E -I/home/mearvk/IdeaProjects/Ubuntu.Determinant.Alpha.Restricted/userland/x11/_build/sysroot/usr/include -D_DEFAULT_SOURCE -D_XOPEN_SOURCE=700 -I/usr/include/uuid conftest.c
configure:17035:10: fatal error: libutil.h: No such file or directory
17035 | #include "confdefs.h"
      |          ^~~~~~~~~~~
compilation terminated.
configure:17044: $? = 1
configure: failed program was:
#line 17034 "configure"
#include "confdefs.h"
#include <libutil.h>
configure:17063: result: no
configure:17028: checking for pty.h
configure:17038: gcc -E -I/home/mearvk/IdeaProjects/Ubuntu.Determinant.Alpha.Restricted/userland/x11/_build/sysroot/usr/include -D_DEFAULT_SOURCE -D_XOPEN_SOURCE=700 -I/usr/include/uuid conftest.c
configure:17044: $? = 0
configure:17063: result: yes
configure:17106: testing will rely upon openpty ...
configure:17110: checking if we can use XkbQueryExtension
configure:17146: gcc -c -w -I/home/mearvk/IdeaProjects/Ubuntu.Determinant.Alpha.Restricted/userland/x11/_build/sysroot/usr/include -D_DEFAULT_SOURCE -D_XOPEN_SOURCE=700 -I/usr/include/uuid conftest.c >&5
configure:17149: $? = 0
configure:17152: test -s conftest.o
configure:17155: $? = 0
configure:17170: result: yes
configure:17179: checking for XkbQueryExtension
configure:17216: gcc -o conftest -w -I/home/mearvk/IdeaProjects/Ubuntu.Determinant.Alpha.Restricted/userland/x11/_build/sysroot/usr/include -D_DEFAULT_SOURCE -D_XOPEN_SOURCE=700 -I/usr/include/uuid -L/home/mearvk/IdeaProjects/Ubuntu.Determinant.Alpha.Restricted/userland/x11/_build/sysroot/usr/lib -Wl,-rpath-link,/home/mearvk/IdeaProjects/Ubuntu.Determinant.Alpha.Restricted/userland/x11/_build/sysroot/usr/lib conftest.c -lutil -lXaw7 -lXmu -lXinerama -lXpm -lXt -lX11 -lSM -lICE -ltermcap  >&5
configure:17219: $? = 0
configure:17222: test -s conftest
configure:17225: $? = 0
configure:17235: result: yes
configure:17247: checking if we can use XkbKeycodeToKeysym
configure:17272: gcc -c -w -I/home/mearvk/IdeaProjects/Ubuntu.Determinant.Alpha.Restricted/userland/x11/_build/sysroot/usr/include -D_DEFAULT_SOURCE -D_XOPEN_SOURCE=700 -I/usr/include/uuid conftest.c >&5
configure:17275: $? = 0
configure:17278: test -s conftest.o
configure:17281: $? = 0
configure:17296: result: yes
configure:17305: checking for XkbKeycodeToKeysym
configure:17342: gcc -o conftest -w -I/home/mearvk/IdeaProjects/Ubuntu.Determinant.Alpha.Restricted/userland/x11/_build/sysroot/usr/include -D_DEFAULT_SOURCE -D_XOPEN_SOURCE=700 -I/usr/include/uuid -L/home/mearvk/IdeaProjects/Ubuntu.Determinant.Alpha.Restricted/userland/x11/_build/sysroot/usr/lib -Wl,-rpath-link,/home/mearvk/IdeaProjects/Ubuntu.Determinant.Alpha.Restricted/userland/x11/_build/sysroot/usr/lib conftest.c -lutil -lXaw7 -lXmu -lXinerama -lXpm -lXt -lX11 -lSM -lICE -ltermcap  >&5
configure:17345: $? = 0
configure:17348: test -s conftest
configure:17351: $? = 0
configure:17361: result: yes
configure:17389: checking for XKB Bell extension
configure:17417: gcc -o conftest -w -I/home/mearvk/IdeaProjects/Ubuntu.Determinant.Alpha.Restricted/userland/x11/_build/sysroot/usr/include -D_DEFAULT_SOURCE -D_XOPEN_SOURCE=700 -I/usr/include/uuid -L/home/mearvk/IdeaProjects/Ubuntu.Determinant.Alpha.Restricted/userland/x11/_build/sysroot/usr/lib -Wl,-rpath-link,/home/mearvk/IdeaProjects/Ubuntu.Determinant.Alpha.Restricted/userland/x11/_build/sysroot/usr/lib conftest.c -lutil -lXaw7 -lXmu -lXinerama -lXpm -lXt -lX11 -lSM -lICE -ltermcap   -lSM -lICE   >&5
configure:17420: $? = 0
configure:17423: test -s conftest
configure:17426: $? = 0
configure:17437: result: yes
configure:17451: checking for Xutf8LookupString
configure:17488: gcc -o conftest -w -I/home/mearvk/IdeaProjects/Ubuntu.Determinant.Alpha.Restricted/userland/x11/_build/sysroot/usr/include -D_DEFAULT_SOURCE -D_XOPEN_SOURCE=700 -I/usr/include/uuid -L/home/mearvk/IdeaProjects/Ubuntu.Determinant.Alpha.Restricted/userland/x11/_build/sysroot/usr/lib -Wl,-rpath-link,/home/mearvk/IdeaProjects/Ubuntu.Determinant.Alpha.Restricted/userland/x11/_build/sysroot/usr/lib conftest.c -lutil -lXaw7 -lXmu -lXinerama -lXpm -lXt -lX11 -lSM -lICE -ltermcap  >&5
configure:17491: $? = 0
configure:17494: test -s conftest
configure:17497: $? = 0
configure:17507: result: yes
configure:17523: checking if you want narrow prototypes for X libraries
configure:17549: result: yes
configure:17552: checking if we should use imake to help
configure:17569: result: no
configure:17877: testing make fallback definitions ...
configure:18041: checking for groff
configure:18058: found /usr/bin/groff
configure:18070: result: /usr/bin/groff
configure:18081: checking for nroff
configure:18098: found /usr/bin/nroff
configure:18109: result: /usr/bin/nroff
configure:18122: checking for tbl
configure:18139: found /usr/bin/tbl
configure:18151: result: /usr/bin/tbl
configure:18167: checking for fgrep
configure:18223: result: grep -F
configure:18234: checking for man2html
configure:18263: result: no
configure:18290: checking for program to convert manpage to html
configure:18349: result: /usr/bin/groff
configure:18531: checking for default terminal-id
configure:18541: result: vt420
configure:18559: checking for default terminal-type
configure:18569: result: xterm
configure:18577: checking if backarrow-key should be BS
configure:18595: result: yes
configure:18616: checking if backarrow-key should be treated as erase
configure:18634: result: no
configure:18655: checking for default backspace/DEL setting
configure:18666: result: maybe
configure:18687: checking for default pty initial erase setting
configure:18698: result: False
configure:18719: checking if alt should send ESC
configure:18737: result: no
configure:18758: checking if meta should send ESC
configure:18776: result: no
configure:18800: checking for tic
configure:18815: found /usr/bin/tic
configure:18824: result: yes
configure:18843: checking for private terminfo-directory
configure:18853: result: none
configure:18908: checking if you want active-icons
configure:18925: result: yes
configure:18935: checking if you want ANSI color
configure:18952: result: yes
configure:18961: checking if you want 16 colors like aixterm
configure:18978: result: yes
configure:18985: checking if you want 256 colors
configure:19002: result: yes
configure:19014: checking if you want direct-color support
configure:19031: result: yes
configure:19076: checking if you want blinking cursor
configure:19093: result: yes
configure:19100: checking if you want to ignore Linux's broken palette-strings
configure:19124: result: yes
configure:19140: checking if you want to allow broken string-terminators
configure:19157: result: yes
configure:19164: checking if you want to compile-in icon data
configure:19181: result: no
configure:19188: checking if you want printable 128-159
configure:19205: result: yes
configure:19214: checking if you want bold colors mapped like IBM PC
configure:19231: result: yes
configure:19238: checking if you want separate color-classes
configure:19255: result: yes
configure:19262: checking if you want color-mode enabled by default
configure:19279: result: yes
configure:19288: checking if you want support for color highlighting
configure:19305: result: yes
configure:19312: checking if you want support for doublesize characters
configure:19329: result: yes
configure:19336: checking if you want fallback-support for box characters
configure:19353: result: yes
configure:19360: checking if you want to allow spawning commands to process selections
configure:19377: result: yes
configure:19387: checking if you want to allow spawning new xterms
configure:19404: result: no
configure:19580: checking for XextCreateExtension in -lXext
configure:19607: gcc -o conftest -w -I/home/mearvk/IdeaProjects/Ubuntu.Determinant.Alpha.Restricted/userland/x11/_build/sysroot/usr/include -D_DEFAULT_SOURCE -D_XOPEN_SOURCE=700 -I/usr/include/uuid -DNARROWPROTO=1 -DFUNCPROTO=15 -DOSMAJORVERSION=6 -DOSMINORVERSION=8 -L/home/mearvk/IdeaProjects/Ubuntu.Determinant.Alpha.Restricted/userland/x11/_build/sysroot/usr/lib -Wl,-rpath-link,/home/mearvk/IdeaProjects/Ubuntu.Determinant.Alpha.Restricted/userland/x11/_build/sysroot/usr/lib conftest.c -lXext  -lutil -lXaw7 -lXmu -lXinerama -lXpm -lXt -lX11 -lSM -lICE -ltermcap  >&5
configure:19610: $? = 0
configure:19613: test -s conftest
configure:19616: $? = 0
configure:19627: result: yes
configure:19651: checking for X11/extensions/Xdbe.h
configure:19661: gcc -E -I/home/mearvk/IdeaProjects/Ubuntu.Determinant.Alpha.Restricted/userland/x11/_build/sysroot/usr/include -D_DEFAULT_SOURCE -D_XOPEN_SOURCE=700 -I/usr/include/uuid -DNARROWPROTO=1 -DFUNCPROTO=15 -DOSMAJORVERSION=6 -DOSMINORVERSION=8 conftest.c
configure:19667: $? = 0
configure:19686: result: yes
configure:19694: checking for XdbeSwapBuffers
configure:19731: gcc -o conftest -w -I/home/mearvk/IdeaProjects/Ubuntu.Determinant.Alpha.Restricted/userland/x11/_build/sysroot/usr/include -D_DEFAULT_SOURCE -D_XOPEN_SOURCE=700 -I/usr/include/uuid -DNARROWPROTO=1 -DFUNCPROTO=15 -DOSMAJORVERSION=6 -DOSMINORVERSION=8 -L/home/mearvk/IdeaProjects/Ubuntu.Determinant.Alpha.Restricted/userland/x11/_build/sysroot/usr/lib -Wl,-rpath-link,/home/mearvk/IdeaProjects/Ubuntu.Determinant.Alpha.Restricted/userland/x11/_build/sysroot/usr/lib conftest.c -lXext -lutil -lXaw7 -lXmu -lXinerama -lXpm -lXt -lX11 -lSM -lICE -ltermcap  >&5
configure:19734: $? = 0
configure:19737: test -s conftest
configure:19740: $? = 0
configure:19750: result: yes
configure:19765: checking if you want to enable double-buffering in default resources
configure:19782: result: no
configure:19794: checking if you want to use FreeType library
configure:19811: result: yes
configure:19821: checking for FreeType configuration script
configure:19833: result: auto
configure:19871: checking for freetype-config
configure:19900: result: none
configure:19913: checking for xft-config
configure:19942: result: none
configure:20043: checking if we can link with FreeType libraries
configure:20084: gcc -o conftest -w -I/home/mearvk/IdeaProjects/Ubuntu.Determinant.Alpha.Restricted/userland/x11/_build/sysroot/usr/include -D_DEFAULT_SOURCE -D_XOPEN_SOURCE=700 -I/usr/include/uuid -DNARROWPROTO=1 -DFUNCPROTO=15 -DOSMAJORVERSION=6 -DOSMINORVERSION=8  -L/home/mearvk/IdeaProjects/Ubuntu.Determinant.Alpha.Restricted/userland/x11/_build/sysroot/usr/lib -Wl,-rpath-link,/home/mearvk/IdeaProjects/Ubuntu.Determinant.Alpha.Restricted/userland/x11/_build/sysroot/usr/lib conftest.c -lXft -lXext -lutil -lXaw7 -lXmu -lXinerama -lXpm -lXt -lX11 -lSM -lICE -ltermcap  >&5
configure:20072:10: fatal error: X11/Xft/Xft.h: No such file or directory
20072 | #include <X11/extensions/Xrender.h>
      |          ^~~~~~~~~~~~~~~
compilation terminated.
configure:20087: $? = 1
configure: failed program was:
#line 20068 "configure"
#include "confdefs.h"

#include <X11/Xlib.h>
#include <X11/extensions/Xrender.h>
#include <X11/Xft/Xft.h>
int
main (void)
{

	XftPattern  *pat = XftNameParse ("name"); (void)pat
  ;
  return 0;
}
configure:20102: result: no
configure:20302: WARNING: No libraries found for FreeType
configure:20634: checking if you want support for HP-style function keys
configure:20651: result: no
configure:20661: checking if you want support for SCO-style function keys
configure:20678: result: no
configure:20688: checking if you want support for Sun-style function keys
configure:20705: result: yes
configure:20715: checking if you want saved-lines stored as a FIFO
configure:20732: result: yes
configure:20739: checking if you want support for internationalization
configure:20756: result: yes
configure:20766: checking if you want support for initial-erase setup
configure:20783: result: yes
configure:20793: checking if you want support for input-method
configure:20810: result: yes
configure:20813: checking if X libraries support input-method
configure:20854: gcc -o conftest -w -I/home/mearvk/IdeaProjects/Ubuntu.Determinant.Alpha.Restricted/userland/x11/_build/sysroot/usr/include -D_DEFAULT_SOURCE -D_XOPEN_SOURCE=700 -I/usr/include/uuid -DNARROWPROTO=1 -DFUNCPROTO=15 -DOSMAJORVERSION=6 -DOSMINORVERSION=8 -L/home/mearvk/IdeaProjects/Ubuntu.Determinant.Alpha.Restricted/userland/x11/_build/sysroot/usr/lib -Wl,-rpath-link,/home/mearvk/IdeaProjects/Ubuntu.Determinant.Alpha.Restricted/userland/x11/_build/sysroot/usr/lib conftest.c -lXext -lutil -lXaw7 -lXmu -lXinerama -lXpm -lXt -lX11 -lSM -lICE -ltermcap  >&5
configure:20857: $? = 0
configure:20860: test -s conftest
configure:20863: $? = 0
configure:20873: result: yes
configure:20892: checking if you want support for load-vt-fonts
configure:20909: result: no
configure:20919: checking if you want support for logging
configure:20936: result: no
configure:20972: checking if you want support for iconify/maximize translations
configure:20989: result: yes
configure:20996: checking if you want NumLock to override keyboard tables
configure:21013: result: yes
configure:21020: checking if you want support for get/set of base64 selection data
configure:21037: result: yes
configure:21053: checking if you want support for pty-handshaking
configure:21070: result: yes
configure:21086: checking if you want support for mouse in readline applications
configure:21103: result: yes
configure:21113: checking if you want support for regular-expression selections
configure:21130: result: yes
configure:21134: checking if you want to use PCRE2 for regular-expressions
configure:21143: result: no
configure:21570: checking if you want to use PCRE for regular-expressions
configure:21579: result: no
configure:22305: checking for regcomp
configure:22342: gcc -o conftest -w -I/home/mearvk/IdeaProjects/Ubuntu.Determinant.Alpha.Restricted/userland/x11/_build/sysroot/usr/include -D_DEFAULT_SOURCE -D_XOPEN_SOURCE=700 -I/usr/include/uuid -DNARROWPROTO=1 -DFUNCPROTO=15 -DOSMAJORVERSION=6 -DOSMINORVERSION=8 -L/home/mearvk/IdeaProjects/Ubuntu.Determinant.Alpha.Restricted/userland/x11/_build/sysroot/usr/lib -Wl,-rpath-link,/home/mearvk/IdeaProjects/Ubuntu.Determinant.Alpha.Restricted/userland/x11/_build/sysroot/usr/lib conftest.c -lXext -lutil -lXaw7 -lXmu -lXinerama -lXpm -lXt -lX11 -lSM -lICE -ltermcap  >&5
configure:22345: $? = 0
configure:22348: test -s conftest
configure:22351: $? = 0
configure:22361: result: yes
configure:22590: checking for regular-expression headers
configure:22665: gcc -o conftest -w -I/home/mearvk/IdeaProjects/Ubuntu.Determinant.Alpha.Restricted/userland/x11/_build/sysroot/usr/include -D_DEFAULT_SOURCE -D_XOPEN_SOURCE=700 -I/usr/include/uuid -DNARROWPROTO=1 -DFUNCPROTO=15 -DOSMAJORVERSION=6 -DOSMINORVERSION=8 -L/home/mearvk/IdeaProjects/Ubuntu.Determinant.Alpha.Restricted/userland/x11/_build/sysroot/usr/lib -Wl,-rpath-link,/home/mearvk/IdeaProjects/Ubuntu.Determinant.Alpha.Restricted/userland/x11/_build/sysroot/usr/lib conftest.c -lXext -lutil -lXaw7 -lXmu -lXinerama -lXpm -lXt -lX11 -lSM -lICE -ltermcap  >&5
configure:22668: $? = 0
configure:22671: test -s conftest
configure:22674: $? = 0
configure:22690: result: regex.h
configure:22727: checking if you want support for right-scrollbar
configure:22744: result: yes
configure:22754: checking if you want check for redundant name-change
configure:22771: result: yes
configure:22778: checking if you want support for selection-actions
configure:22795: result: yes
configure:22802: checking if you want support for session management
configure:22819: result: yes
configure:22826: checking if you want support for status-line
configure:22843: result: no
configure:22850: checking if you want to use termcap function-keys
configure:22867: result: yes
configure:22874: checking if you want to use termcap-query/report
configure:22891: result: yes
configure:22898: checking if you want support for tek4014
configure:22915: result: yes
configure:22929: checking if you want pulldown menus with a toolbar
configure:22946: result: no
configure:22956: checking if you want VT52 emulation
configure:22973: result: yes
configure:22980: checking if you want wide-attribute support
configure:22997: result: yes
configure:23006: checking if you want wide-character support
configure:23023: result: yes
configure:23030: checking if you want only 16-bit character support
configure:23047: result: no
configure:23061: checking if you want to use mini-luit/Latin9 built-in support
configure:23078: result: no
configure:23088: checking if you want to use luit
configure:23105: result: yes
configure:23118: checking for xterm-filter
configure:23149: result: no
configure:23118: checking for xterm-filter
configure:23149: result: no
configure:23118: checking for bluit
configure:23149: result: no
configure:23118: checking for luit
configure:23149: result: no
configure:23232: checking if you want dynamic-abbreviation support
configure:23249: result: no
configure:23259: checking if you want DECterm Locator support
configure:23276: result: no
configure:23286: checking if you want XHTML and SVG screen dump support
configure:23303: result: yes
configure:23316: checking if you want ReGIS graphics support
configure:23333: result: no
configure:23476: checking if you want sixel graphics support
configure:23493: result: yes
configure:23520: checking if you want sixel screen dump support
configure:23537: result: no
configure:23547: checking if you want VT420 rectangle support
configure:23564: result: yes
configure:23574: checking if you want -ziconbeep option
configure:23591: result: yes
configure:23600: checking if you want debugging traces
configure:23617: result: no
configure:23629: checking if you want to use dmalloc for testing
configure:23651: result: no
configure:23866: checking if you want to use dbmalloc for testing
configure:23888: result: no
configure:24103: checking if you want to use valgrind for testing
configure:24125: result: no
configure:24238: checking if you want to perform memory-leak testing
configure:24249: result: no
configure:24264: checking if you want to see long compiling messages
configure:24298: result: yes
configure:24301: checking if you want magic cookie emulation
configure:24318: result: no
configure:24333: checking for tigetstr
configure:24370: gcc -o conftest -w -I/home/mearvk/IdeaProjects/Ubuntu.Determinant.Alpha.Restricted/userland/x11/_build/sysroot/usr/include -D_DEFAULT_SOURCE -D_XOPEN_SOURCE=700 -I/usr/include/uuid -DNARROWPROTO=1 -DFUNCPROTO=15 -DOSMAJORVERSION=6 -DOSMINORVERSION=8 -L/home/mearvk/IdeaProjects/Ubuntu.Determinant.Alpha.Restricted/userland/x11/_build/sysroot/usr/lib -Wl,-rpath-link,/home/mearvk/IdeaProjects/Ubuntu.Determinant.Alpha.Restricted/userland/x11/_build/sysroot/usr/lib conftest.c -lXext -lutil -lXaw7 -lXmu -lXinerama -lXpm -lXt -lX11 -lSM -lICE -ltermcap  >&5
configure:24373: $? = 0
configure:24376: test -s conftest
configure:24379: $? = 0
configure:24389: result: yes
configure:24404: checking for use_extended_names
configure:24441: gcc -o conftest -w -I/home/mearvk/IdeaProjects/Ubuntu.Determinant.Alpha.Restricted/userland/x11/_build/sysroot/usr/include -D_DEFAULT_SOURCE -D_XOPEN_SOURCE=700 -I/usr/include/uuid -DNARROWPROTO=1 -DFUNCPROTO=15 -DOSMAJORVERSION=6 -DOSMINORVERSION=8 -L/home/mearvk/IdeaProjects/Ubuntu.Determinant.Alpha.Restricted/userland/x11/_build/sysroot/usr/lib -Wl,-rpath-link,/home/mearvk/IdeaProjects/Ubuntu.Determinant.Alpha.Restricted/userland/x11/_build/sysroot/usr/lib conftest.c -lXext -lutil -lXaw7 -lXmu -lXinerama -lXpm -lXt -lX11 -lSM -lICE -ltermcap  >&5
configure:24444: $? = 0
configure:24447: test -s conftest
configure:24450: $? = 0
configure:24460: result: yes
configure:24472: checking if you want to use C11 _Noreturn feature
configure:24489: result: no
configure:24703: checking if you want to turn on gcc warnings
configure:24720: result: no
configure:24973: checking for gcc __attribute__ directives...
checking for gcc __attribute__((scanf))
configure:25026: gcc -c -w -I/home/mearvk/IdeaProjects/Ubuntu.Determinant.Alpha.Restricted/userland/x11/_build/sysroot/usr/include -D_DEFAULT_SOURCE -D_XOPEN_SOURCE=700 -I/usr/include/uuid -DNARROWPROTO=1 -DFUNCPROTO=15 -DOSMAJORVERSION=6 -DOSMINORVERSION=8 conftest.c >&5
configure:25029: $? = 0
checking for gcc __attribute__((printf))
configure:25026: gcc -c -w -I/home/mearvk/IdeaProjects/Ubuntu.Determinant.Alpha.Restricted/userland/x11/_build/sysroot/usr/include -D_DEFAULT_SOURCE -D_XOPEN_SOURCE=700 -I/usr/include/uuid -DNARROWPROTO=1 -DFUNCPROTO=15 -DOSMAJORVERSION=6 -DOSMINORVERSION=8 conftest.c >&5
configure:25029: $? = 0
checking for gcc __attribute__((unused))
configure:25026: gcc -c -w -I/home/mearvk/IdeaProjects/Ubuntu.Determinant.Alpha.Restricted/userland/x11/_build/sysroot/usr/include -D_DEFAULT_SOURCE -D_XOPEN_SOURCE=700 -I/usr/include/uuid -DNARROWPROTO=1 -DFUNCPROTO=15 -DOSMAJORVERSION=6 -DOSMINORVERSION=8 conftest.c >&5
configure:25029: $? = 0
checking for gcc __attribute__((noreturn))
configure:25026: gcc -c -w -I/home/mearvk/IdeaProjects/Ubuntu.Determinant.Alpha.Restricted/userland/x11/_build/sysroot/usr/include -D_DEFAULT_SOURCE -D_XOPEN_SOURCE=700 -I/usr/include/uuid -DNARROWPROTO=1 -DFUNCPROTO=15 -DOSMAJORVERSION=6 -DOSMINORVERSION=8 conftest.c >&5
configure:25029: $? = 0
configure:25129: checking if filesystem supports mixed-case filenames
configure:25156: result: yes
configure:25167: checking for exctags
configure:25193: result: no
configure:25167: checking for ctags
configure:25193: result: no
configure:25204: checking for exetags
configure:25230: result: no
configure:25204: checking for etags
configure:25230: result: no
configure:25239: checking for ctags
configure:25263: result: no
configure:25273: checking for etags
configure:25297: result: no
configure:25323: checking for an rpath option
configure:25354: result: -Wl,-rpath,
configure:25418: checking if rpath-hack should be disabled
configure:25436: result: no
configure:25441: checking for updated LDFLAGS
configure:25444: result: maybe
configure:25451: checking for ldd
configure:25466: found /usr/bin/ldd
configure:25474: result: ldd
configure:25503: gcc -o conftest -w -I/home/mearvk/IdeaProjects/Ubuntu.Determinant.Alpha.Restricted/userland/x11/_build/sysroot/usr/include -D_DEFAULT_SOURCE -D_XOPEN_SOURCE=700 -I/usr/include/uuid -DNARROWPROTO=1 -DFUNCPROTO=15 -DOSMAJORVERSION=6 -DOSMINORVERSION=8 -L/home/mearvk/IdeaProjects/Ubuntu.Determinant.Alpha.Restricted/userland/x11/_build/sysroot/usr/lib -Wl,-rpath-link,/home/mearvk/IdeaProjects/Ubuntu.Determinant.Alpha.Restricted/userland/x11/_build/sysroot/usr/lib conftest.c -lXext -lutil -lXaw7 -lXmu -lXinerama -lXpm -lXt -lX11 -lSM -lICE -ltermcap  >&5
configure:25506: $? = 0
configure:25509: test -s conftest
configure:25512: $? = 0
configure:25552: testing ...checking EXTRA_LDFLAGS  ...
configure:25556: testing ...checking LDFLAGS -L/home/mearvk/IdeaProjects/Ubuntu.Determinant.Alpha.Restricted/userland/x11/_build/sysroot/usr/lib -Wl,-rpath-link,/home/mearvk/IdeaProjects/Ubuntu.Determinant.Alpha.Restricted/userland/x11/_build/sysroot/usr/lib ...
configure:25593: testing ...Filter -L/home/mearvk/IdeaProjects/Ubuntu.Determinant.Alpha.Restricted/userland/x11/_build/sysroot/usr/lib ->-Wl,-rpath,/home/mearvk/IdeaProjects/Ubuntu.Determinant.Alpha.Restricted/userland/x11/_build/sysroot/usr/lib ...
configure:25606: testing ...checked LDFLAGS  -L/home/mearvk/IdeaProjects/Ubuntu.Determinant.Alpha.Restricted/userland/x11/_build/sysroot/usr/lib -Wl,-rpath-link,/home/mearvk/IdeaProjects/Ubuntu.Determinant.Alpha.Restricted/userland/x11/_build/sysroot/usr/lib ...
configure:25610: testing ...checking LIBS -lXext -lutil -lXaw7 -lXmu -lXinerama -lXpm -lXt -lX11 -lSM -lICE -ltermcap  ...
configure:25660: testing ...checked LIBS  -lXext -lutil -lXaw7 -lXmu -lXinerama -lXpm -lXt -lX11 -lSM -lICE -ltermcap ...
configure:25664: testing ...checked EXTRA_LDFLAGS -Wl,-rpath,/home/mearvk/IdeaProjects/Ubuntu.Determinant.Alpha.Restricted/userland/x11/_build/sysroot/usr/lib  ...
configure:25762: creating ./config.status

## ----------------------- ##
## Running config.status.  ##
## ----------------------- ##

This file was extended by config.status 2.52.20240618, executed with
  CONFIG_FILES    = 
  CONFIG_HEADERS  = 
  CONFIG_LINKS    = 
  CONFIG_COMMANDS = 
  > "./config.status "
on mearvk-X900-A8800

config.status:26323: creating Makefile
config.status:26323: creating df-install
config.status:26323: creating minstall
config.status:26323: creating run-tic.sh
config.status:26484: creating xtermcfg.h

## ----------------- ##
## Cache variables.  ##
## ----------------- ##

ac_cv_build='x86_64-pc-linux-gnu'
ac_cv_build_alias='x86_64-pc-linux-gnu'
ac_cv_c_compiler_gnu='yes'
ac_cv_env_CC_set=''
ac_cv_env_CC_value=''
ac_cv_env_CFLAGS_set='set'
ac_cv_env_CFLAGS_value='-I/home/mearvk/IdeaProjects/Ubuntu.Determinant.Alpha.Restricted/userland/x11/_build/sysroot/usr/include -w'
ac_cv_env_CPPFLAGS_set=''
ac_cv_env_CPPFLAGS_value=''
ac_cv_env_CPP_set=''
ac_cv_env_CPP_value=''
ac_cv_env_LDFLAGS_set='set'
ac_cv_env_LDFLAGS_value='-L/home/mearvk/IdeaProjects/Ubuntu.Determinant.Alpha.Restricted/userland/x11/_build/sysroot/usr/lib -Wl,-rpath-link,/home/mearvk/IdeaProjects/Ubuntu.Determinant.Alpha.Restricted/userland/x11/_build/sysroot/usr/lib'
ac_cv_env_build_alias_set=''
ac_cv_env_build_alias_value=''
ac_cv_env_host_alias_set=''
ac_cv_env_host_alias_value=''
ac_cv_env_target_alias_set=''
ac_cv_env_target_alias_value=''
ac_cv_func_XdbeSwapBuffers='yes'
ac_cv_func_XkbKeycodeToKeysym='yes'
ac_cv_func_XkbQueryExtension='yes'
ac_cv_func_Xutf8LookupString='yes'
ac_cv_func_clock_gettime='yes'
ac_cv_func_connect='yes'
ac_cv_func_endusershell='yes'
ac_cv_func_gethostbyname='yes'
ac_cv_func_gethostname='yes'
ac_cv_func_getlogin='yes'
ac_cv_func_getusershell='yes'
ac_cv_func_grantpt='no'
ac_cv_func_initgroups='yes'
ac_cv_func_mkdtemp='yes'
ac_cv_func_posix_openpt='yes'
ac_cv_func_ptsname='yes'
ac_cv_func_putenv='yes'
ac_cv_func_regcomp='yes'
ac_cv_func_remove='yes'
ac_cv_func_sched_yield='yes'
ac_cv_func_setpgid='yes'
ac_cv_func_setsid='yes'
ac_cv_func_shmat='yes'
ac_cv_func_tcgetattr='yes'
ac_cv_func_tigetstr='yes'
ac_cv_func_unsetenv='yes'
ac_cv_func_use_extended_names='yes'
ac_cv_func_waitpid='yes'
ac_cv_func_wcswidth='yes'
ac_cv_func_wcwidth='yes'
ac_cv_have_decl_exit='yes'
ac_cv_have_x='have_x=yes 		ac_x_includes= ac_x_libraries='
ac_cv_header_X11_DECkeysym_h='yes'
ac_cv_header_X11_Intrinsic_h='yes'
ac_cv_header_X11_Sunkeysym_h='yes'
ac_cv_header_X11_TranslateI_h='yes'
ac_cv_header_X11_XF86keysym_h='yes'
ac_cv_header_X11_XKBlib_h='yes'
ac_cv_header_X11_Xpoll_h='yes'
ac_cv_header_X11_extensions_XKB_h='yes'
ac_cv_header_X11_extensions_Xdbe_h='yes'
ac_cv_header_X11_xpm_h='yes'
ac_cv_header_inttypes_h='yes'
ac_cv_header_lastlog_h='yes'
ac_cv_header_libutil_h='no'
ac_cv_header_memory_h='yes'
ac_cv_header_ncurses_curses_h='no'
ac_cv_header_ncurses_term_h='no'
ac_cv_header_paths_h='yes'
ac_cv_header_pty_h='yes'
ac_cv_header_stdc='yes'
ac_cv_header_stdint_h='yes'
ac_cv_header_stdlib_h='yes'
ac_cv_header_string_h='yes'
ac_cv_header_strings_h='yes'
ac_cv_header_stropts_h='no'
ac_cv_header_sys_param_h='yes'
ac_cv_header_sys_ptem_h='no'
ac_cv_header_sys_stat_h='yes'
ac_cv_header_sys_ttydefaults_h='yes'
ac_cv_header_sys_types_h='yes'
ac_cv_header_sys_wait_h='yes'
ac_cv_header_term_h='yes'
ac_cv_header_termcap_h='yes'
ac_cv_header_termios_h='yes'
ac_cv_header_time='yes'
ac_cv_header_unistd_h='yes'
ac_cv_header_util_h='no'
ac_cv_header_wchar_h='yes'
ac_cv_host='x86_64-pc-linux-gnu'
ac_cv_host_alias='x86_64-pc-linux-gnu'
ac_cv_lib_ICE_IceConnectionNumber='yes'
ac_cv_lib_Xext_XextCreateExtension='yes'
ac_cv_lib_Xpm_XpmCreatePixmapFromData='yes'
ac_cv_lib_elf_elf_begin='yes'
ac_cv_lib_util_openpty='yes'
ac_cv_objext='o'
ac_cv_path_EGREP='grep -E'
ac_cv_path_FGREP='grep -F'
ac_cv_path_FREETYPE_CONFIG='none'
ac_cv_path_FREETYPE_OLD_CONFIG='none'
ac_cv_path_GROFF_PATH='/usr/bin/groff'
ac_cv_path_NROFF_PATH='/usr/bin/nroff'
ac_cv_path_TBL_PATH='/usr/bin/tbl'
ac_cv_path_ac_pt_PKG_CONFIG='/usr/bin/pkg-config'
ac_cv_path_cf_man2html='no'
ac_cv_path_install='/usr/bin/install -c'
ac_cv_prog_AWK='mawk'
ac_cv_prog_CPP='gcc -E'
ac_cv_prog_GREP='grep'
ac_cv_prog_MAKE_LOWER_TAGS='no'
ac_cv_prog_MAKE_UPPER_TAGS='no'
ac_cv_prog_ac_ct_CC='gcc'
ac_cv_prog_cc_g='yes'
ac_cv_prog_cc_stdc=''
ac_cv_prog_cf_ldd_prog='ldd'
ac_cv_prog_cf_tic_prog='yes'
ac_cv_prog_desktop_utils='yes'
ac_cv_type_mode_t='yes'
ac_cv_type_off_t='yes'
ac_cv_type_pid_t='yes'
ac_cv_type_time_t='yes'
ac_cv_type_uid_t='yes'
am_cv_langinfo_codeset='yes'
cf_cv_c11_noreturn='no,'
cf_cv_dcl_errno='yes'
cf_cv_dcl_sys_errlist='no'
cf_cv_dcl_sys_nerr='no'
cf_cv_define_sigwinch='yes'
cf_cv_found_freetype='no'
cf_cv_func_clock_gettime='yes'
cf_cv_func_mkstemp='yes'
cf_cv_func_setitimer='yes'
cf_cv_func_strftime='yes'
cf_cv_gnu_dftsrc_219='yes'
cf_cv_gnu_library='yes'
cf_cv_gnu_library_219='yes'
cf_cv_have_errno='no'
cf_cv_have_sys_errlist='no'
cf_cv_have_sys_nerr='no'
cf_cv_have_utmp='utmp'
cf_cv_have_utmp_ut_host='yes'
cf_cv_have_utmp_ut_name='ut_name'
cf_cv_have_utmp_ut_session='yes'
cf_cv_have_utmp_ut_syslen='no'
cf_cv_have_utmp_ut_xstatus='ut_exit.e_exit'
cf_cv_have_utmp_ut_xtime='yes'
cf_cv_havetype_cc_t='yes'
cf_cv_havetype_speed_t='yes'
cf_cv_havetype_tcflag_t='yes'
cf_cv_icon_list=' icons/filled-xterm icons/mini.xterm icons/mini.xterm_48x48 icons/xterm-color icons/xterm'
cf_cv_input_method='yes'
cf_cv_lib_part_tgetent='-ltermcap'
cf_cv_lib_tgetent='no'
cf_cv_mixedcase='yes'
cf_cv_path_lastlog='_PATH_LASTLOG'
cf_cv_posix_saved_ids='yes'
cf_cv_posix_visible='no'
cf_cv_posix_wait='yes'
cf_cv_regex_hdrs='regex.h'
cf_cv_sig_atomic_t='volatile sig_atomic_t'
cf_cv_struct_lastlog='no'
cf_cv_svr4='no'
cf_cv_system_name='linux-gnu'
cf_cv_sysv='no'
cf_cv_sysv_utmp='yes'
cf_cv_termio_c_ispeed='no'
cf_cv_test_clock_gettime='yes'
cf_cv_tty_group='yes'
cf_cv_tty_group_name='tty'
cf_cv_type_cc_t='yes'
cf_cv_type_fd_mask='sys/types.h'
cf_cv_type_fd_set='sys/types.h'
cf_cv_type_nfds_t='yes'
cf_cv_x_freetype_cfgs='auto'
cf_cv_x_freetype_incs=''
cf_cv_x_freetype_libs='-lXft'
cf_cv_xaw_compat='no'
cf_cv_xkb_bell_ext='yes'
cf_cv_xkb_keycode_to_keysym='yes'
cf_cv_xkb_query_extension='yes'
cf_cv_xt_ice_compat='yes'

## ------------ ##
## confdefs.h.  ##
## ------------ ##

#define SYSTEM_NAME "linux-gnu"
#define STDC_HEADERS 1
#define HAVE_SYS_TYPES_H 1
#define HAVE_SYS_STAT_H 1
#define HAVE_STDLIB_H 1
#define HAVE_STRING_H 1
#define HAVE_MEMORY_H 1
#define HAVE_STRINGS_H 1
#define HAVE_INTTYPES_H 1
#define HAVE_STDINT_H 1
#define HAVE_UNISTD_H 1
#define HAVE_SYS_TTYDEFAULTS_H 1
#define HAVE_TERM_H 1
#define HAVE_TERMIOS_H 1
#define HAVE_WCHAR_H 1
#define TIME_WITH_SYS_TIME 1
#define HAVE_LANGINFO_CODESET 1
#define SIG_ATOMIC_T volatile sig_atomic_t
#define HAVE_GETHOSTNAME 1
#define HAVE_GETUSERSHELL 1
#define HAVE_ENDUSERSHELL 1
#define HAVE_GETLOGIN 1
#define HAVE_INITGROUPS 1
#define HAVE_MKDTEMP 1
#define HAVE_PUTENV 1
#define HAVE_UNSETENV 1
#define HAVE_SCHED_YIELD 1
#define HAVE_SETPGID 1
#define HAVE_SETSID 1
#define HAVE_TCGETATTR 1
#define HAVE_WAITPID 1
#define HAVE_WCSWIDTH 1
#define HAVE_WCWIDTH 1
#define HAVE_CLOCK_GETTIME 1
#define HAVE_STRFTIME 1
#define HAVE_UNISTD_H 1
#define HAVE_MKSTEMP 1
#define HAVE_SETITIMER 1
#define HAVE_LASTLOG_H 1
#define HAVE_PATHS_H 1
#define USE_LASTLOG 1
#define HAVE_UTMP 1
#define HAVE_UTMP_UT_HOST 1
#define HAVE_UTMP_UT_XSTATUS 1
#define ut_xstatus ut_exit.e_exit
#define HAVE_UTMP_UT_XTIME 1
#define HAVE_UTMP_UT_SESSION 1
#define USE_SYSV_UTMP 1
#define HAVE_LASTLOG_H 1
#define HAVE_SYS_PARAM_H 1
#define HAVE_POSIX_SAVED_IDS 1
#define HAVE_TERMCAP_H 1
#define USE_TERMINFO 1
#define TTY_GROUP_NAME "tty"
#define USE_TTY_GROUP 1
#define HAVE_SYS_WAIT_H 1
#define USE_POSIX_WAIT 1
#define DECL_SYS_NERR 1
#define DECL_SYS_ERRLIST 1
#define HAVE_TERMIOS_H 1
#define HAVE_STDLIB_H 1
#define HAVE_X11_INTRINSIC_H 1
#define HAVE_X11_DECKEYSYM_H 1
#define HAVE_X11_SUNKEYSYM_H 1
#define HAVE_X11_XF86KEYSYM_H 1
#define HAVE_X11_XKBLIB_H 1
#define HAVE_X11_TRANSLATEI_H 1
#define HAVE_X11_XPOLL_H 1
#define HAVE_X11_EXTENSIONS_XKB_H 1
#define HAVE_LIBXPM 1
#define HAVE_X11_EXTENSIONS_XINERAMA_H 1
#define HAVE_LIB_XAW 1
#define HAVE_X11_XPOLL_H 1
#define HAVE_LIB_XCURSOR 1
#define HAVE_GRANTPT 1
#define HAVE_PTSNAME 1
#define HAVE_POSIX_OPENPT 1
#define HAVE_OPENPTY 1
#define HAVE_PTY_H 1
#define HAVE_XKBQUERYEXTENSION 1
#define HAVE_XKBKEYCODETOKEYSYM 1
#define HAVE_XKB_BELL_EXT 1
#define HAVE_XUTF8LOOKUPSTRING 1
#define DFT_DECID "420"
#define DFT_TERMTYPE "xterm"
#define DEF_BACKARO_BS True
#define DEF_BACKARO_ERASE False
#define DEFDELETE_DEL Maybe
#define DEF_INITIAL_ERASE False
#define DEF_ALT_SENDS_ESC False
#define DEF_META_SENDS_ESC False
#define OPT_256_COLORS 1
#define OPT_DIRECT_COLOR 1
#define OPT_BROKEN_OSC 1
#define HAVE_X11_EXTENSIONS_XDBE_H 1
#define HAVE_XDBESWAPBUFFERS 1
#define OPT_PASTE64 1
#define OPT_PTY_HANDSHAKE 1
#define OPT_READLINE 1
#define HAVE_REGEX_H_FUNCS 1
#define OPT_SELECT_REGEX 1
#define SCROLLBAR_RIGHT 1
#define OPT_LUIT_PROG 1
#define OPT_WIDE_CHARS 1
#define OPT_SIXEL_GRAPHICS 1
#define OPT_GRAPHICS 1
#define HAVE_TIGETSTR 1
#define HAVE_USE_EXTENDED_NAMES 1
#define GCC_SCANF 1
#define GCC_SCANF 1
#define GCC_SCANFLIKE(fmt,var) __attribute__((format(scanf,fmt,var)))
#define GCC_PRINTF 1
#define GCC_PRINTF 1
#define GCC_PRINTFLIKE(fmt,var) __attribute__((format(printf,fmt,var)))
#define GCC_UNUSED __attribute__((unused))
#define GCC_UNUSED __attribute__((unused))
#define GCC_NORETURN __attribute__((noreturn))
#define GCC_NORETURN __attribute__((noreturn))
#define MIXEDCASE_FILENAMES 1


configure: exit 0
