This file contains any messages produced by compilers while
running configure, to aid debugging if configure makes a mistake.

It was created by libbsd configure 0.12.2, which was
generated by GNU Autoconf 2.72.  Invocation command line was

  $ ./configure --prefix=/usr --libdir=/usr/lib PKG_CONFIG_PATH=/home/mearvk/IdeaProjects/Ubuntu.Determinant.Alpha.Restricted/userland/x11/_build/sysroot/usr/lib/pkgconfig:/home/mearvk/IdeaProjects/Ubuntu.Determinant.Alpha.Restricted/userland/x11/_build/sysroot/usr/lib/x86_64-linux-gnu/pkgconfig:/home/mearvk/IdeaProjects/Ubuntu.Determinant.Alpha.Restricted/userland/x11/_build/sysroot/usr/share/pkgconfig CFLAGS=-I/home/mearvk/IdeaProjects/Ubuntu.Determinant.Alpha.Restricted/userland/x11/_build/sysroot/usr/include 'LDFLAGS=-L/home/mearvk/IdeaProjects/Ubuntu.Determinant.Alpha.Restricted/userland/x11/_build/sysroot/usr/lib -Wl,-rpath-link,/home/mearvk/IdeaProjects/Ubuntu.Determinant.Alpha.Restricted/userland/x11/_build/sysroot/usr/lib'

## --------- ##
## Platform. ##
## --------- ##

hostname = mearvk-X900-A8800
uname -m = x86_64
uname -r = 6.8.0-136-generic
uname -s = Linux
uname -v = #136-Ubuntu SMP PREEMPT_DYNAMIC Wed Jul  1 21:53:05 UTC 2026

/usr/bin/uname -p = x86_64
/bin/uname -X     = unknown

/bin/arch              = x86_64
/usr/bin/arch -k       = unknown
/usr/convex/getsysinfo = unknown
/usr/bin/hostinfo      = unknown
/bin/machine           = unknown
/usr/bin/oslevel       = unknown
/bin/universe          = unknown

PATH: /home/mearvk/.opencode/bin/
PATH: /home/mearvk/.nvm/versions/node/v24.16.0/bin/
PATH: /home/mearvk/.cargo/bin/
PATH: /home/mearvk/.local/bin/
PATH: /usr/local/sbin/
PATH: /usr/local/bin/
PATH: /usr/sbin/
PATH: /usr/bin/
PATH: /sbin/
PATH: /bin/
PATH: /usr/games/
PATH: /usr/local/games/
PATH: /snap/bin/
PATH: /snap/bin/


## ----------- ##
## Core tests. ##
## ----------- ##

configure:2969: looking for aux files: config.guess config.sub ltmain.sh ar-lib compile missing install-sh
configure:2982:  trying ./build-aux/
configure:3011:   ./build-aux/config.guess found
configure:3011:   ./build-aux/config.sub found
configure:3011:   ./build-aux/ltmain.sh found
configure:3011:   ./build-aux/ar-lib found
configure:3011:   ./build-aux/compile found
configure:3011:   ./build-aux/missing found
configure:2993:   ./build-aux/install-sh found
configure:3145: checking for a BSD-compatible install
configure:3219: result: /usr/bin/install -c
configure:3230: checking whether build environment is sane
configure:3285: result: yes
configure:3446: checking for a race-free mkdir -p
configure:3489: result: /usr/bin/mkdir -p
configure:3496: checking for gawk
configure:3532: result: no
configure:3496: checking for mawk
configure:3517: found /usr/bin/mawk
configure:3529: result: mawk
configure:3540: checking whether make sets $(MAKE)
configure:3564: result: yes
configure:3594: checking whether make supports nested variables
configure:3613: result: yes
configure:3761: checking whether make supports nested variables
configure:3780: result: yes
configure:3816: checking whether make supports the include directive
configure:3831: make -f confmf.GNU && cat confinc.out
make[2]: Entering directory '/home/mearvk/IdeaProjects/Ubuntu.Determinant.Alpha.Restricted/userland/x11/_build/libbsd-0.12.2'
make[2]: Leaving directory '/home/mearvk/IdeaProjects/Ubuntu.Determinant.Alpha.Restricted/userland/x11/_build/libbsd-0.12.2'
this is the am__doit target
configure:3834: $? = 0
configure:3853: result: yes (GNU style)
configure:3930: checking for gcc
configure:3951: found /usr/bin/gcc
configure:3963: result: gcc
configure:4322: checking for C compiler version
configure:4331: gcc --version >&5
gcc (Ubuntu 13.3.0-6ubuntu2~24.04.1) 13.3.0
Copyright (C) 2023 Free Software Foundation, Inc.
This is free software; see the source for copying conditions.  There is NO
warranty; not even for MERCHANTABILITY or FITNESS FOR A PARTICULAR PURPOSE.

configure:4342: $? = 0
configure:4331: gcc -v >&5
Using built-in specs.
COLLECT_GCC=gcc
COLLECT_LTO_WRAPPER=/usr/libexec/gcc/x86_64-linux-gnu/13/lto-wrapper
OFFLOAD_TARGET_NAMES=nvptx-none:amdgcn-amdhsa
OFFLOAD_TARGET_DEFAULT=1
Target: x86_64-linux-gnu
Configured with: ../src/configure -v --with-pkgversion='Ubuntu 13.3.0-6ubuntu2~24.04.1' --with-bugurl=file:///usr/share/doc/gcc-13/README.Bugs --enable-languages=c,ada,c++,go,d,fortran,objc,obj-c++,m2 --prefix=/usr --with-gcc-major-version-only --program-suffix=-13 --program-prefix=x86_64-linux-gnu- --enable-shared --enable-linker-build-id --libexecdir=/usr/libexec --without-included-gettext --enable-threads=posix --libdir=/usr/lib --enable-nls --enable-bootstrap --enable-clocale=gnu --enable-libstdcxx-debug --enable-libstdcxx-time=yes --with-default-libstdcxx-abi=new --enable-libstdcxx-backtrace --enable-gnu-unique-object --disable-vtable-verify --enable-plugin --enable-default-pie --with-system-zlib --enable-libphobos-checking=release --with-target-system-zlib=auto --enable-objc-gc=auto --enable-multiarch --disable-werror --enable-cet --with-arch-32=i686 --with-abi=m64 --with-multilib-list=m32,m64,mx32 --enable-multilib --with-tune=generic --enable-offload-targets=nvptx-none=/build/gcc-13-EldibY/gcc-13-13.3.0/debian/tmp-nvptx/usr,amdgcn-amdhsa=/build/gcc-13-EldibY/gcc-13-13.3.0/debian/tmp-gcn/usr --enable-offload-defaulted --without-cuda-driver --enable-checking=release --build=x86_64-linux-gnu --host=x86_64-linux-gnu --target=x86_64-linux-gnu --with-build-config=bootstrap-lto-lean --enable-link-serialization=2
Thread model: posix
Supported LTO compression algorithms: zlib zstd
gcc version 13.3.0 (Ubuntu 13.3.0-6ubuntu2~24.04.1) 
... rest of stderr output deleted ...
configure:4342: $? = 0
configure:4331: gcc -V >&5
gcc: error: unrecognized command-line option '-V'
gcc: fatal error: no input files
compilation terminated.
configure:4342: $? = 1
configure:4331: gcc -qversion >&5
gcc: error: unrecognized command-line option '-qversion'; did you mean '--version'?
gcc: fatal error: no input files
compilation terminated.
configure:4342: $? = 1
configure:4331: gcc -version >&5
gcc: error: unrecognized command-line option '-version'
gcc: fatal error: no input files
compilation terminated.
configure:4342: $? = 1
configure:4362: checking whether the C compiler works
configure:4384: gcc -I/home/mearvk/IdeaProjects/Ubuntu.Determinant.Alpha.Restricted/userland/x11/_build/sysroot/usr/include  -L/home/mearvk/IdeaProjects/Ubuntu.Determinant.Alpha.Restricted/userland/x11/_build/sysroot/usr/lib -Wl,-rpath-link,/home/mearvk/IdeaProjects/Ubuntu.Determinant.Alpha.Restricted/userland/x11/_build/sysroot/usr/lib conftest.c  >&5
configure:4388: $? = 0
configure:4439: result: yes
configure:4443: checking for C compiler default output file name
configure:4445: result: a.out
configure:4451: checking for suffix of executables
configure:4458: gcc -o conftest -I/home/mearvk/IdeaProjects/Ubuntu.Determinant.Alpha.Restricted/userland/x11/_build/sysroot/usr/include  -L/home/mearvk/IdeaProjects/Ubuntu.Determinant.Alpha.Restricted/userland/x11/_build/sysroot/usr/lib -Wl,-rpath-link,/home/mearvk/IdeaProjects/Ubuntu.Determinant.Alpha.Restricted/userland/x11/_build/sysroot/usr/lib conftest.c  >&5
configure:4462: $? = 0
configure:4486: result: 
configure:4510: checking whether we are cross compiling
configure:4518: gcc -o conftest -I/home/mearvk/IdeaProjects/Ubuntu.Determinant.Alpha.Restricted/userland/x11/_build/sysroot/usr/include  -L/home/mearvk/IdeaProjects/Ubuntu.Determinant.Alpha.Restricted/userland/x11/_build/sysroot/usr/lib -Wl,-rpath-link,/home/mearvk/IdeaProjects/Ubuntu.Determinant.Alpha.Restricted/userland/x11/_build/sysroot/usr/lib conftest.c  >&5
configure:4522: $? = 0
configure:4529: ./conftest
configure:4533: $? = 0
configure:4548: result: no
configure:4554: checking for suffix of object files
configure:4577: gcc -c -I/home/mearvk/IdeaProjects/Ubuntu.Determinant.Alpha.Restricted/userland/x11/_build/sysroot/usr/include  conftest.c >&5
configure:4581: $? = 0
configure:4605: result: o
configure:4609: checking whether the compiler supports GNU C
configure:4629: gcc -c -I/home/mearvk/IdeaProjects/Ubuntu.Determinant.Alpha.Restricted/userland/x11/_build/sysroot/usr/include  conftest.c >&5
configure:4629: $? = 0
configure:4641: result: yes
configure:4652: checking whether gcc accepts -g
configure:4673: gcc -c -g  conftest.c >&5
configure:4673: $? = 0
configure:4720: result: yes
configure:4740: checking for gcc option to enable C11 features
configure:4755: gcc  -c -I/home/mearvk/IdeaProjects/Ubuntu.Determinant.Alpha.Restricted/userland/x11/_build/sysroot/usr/include  conftest.c >&5
configure:4755: $? = 0
configure:4774: result: none needed
configure:4898: checking whether gcc understands -c and -o together
configure:4921: gcc -c conftest.c -o conftest2.o
configure:4924: $? = 0
configure:4921: gcc -c conftest.c -o conftest2.o
configure:4924: $? = 0
configure:4937: result: yes
configure:4956: checking dependency style of gcc
configure:5069: result: gcc3
configure:5089: checking for stdio.h
configure:5089: gcc -c -I/home/mearvk/IdeaProjects/Ubuntu.Determinant.Alpha.Restricted/userland/x11/_build/sysroot/usr/include  conftest.c >&5
configure:5089: $? = 0
configure:5089: result: yes
configure:5089: checking for stdlib.h
configure:5089: gcc -c -I/home/mearvk/IdeaProjects/Ubuntu.Determinant.Alpha.Restricted/userland/x11/_build/sysroot/usr/include  conftest.c >&5
configure:5089: $? = 0
configure:5089: result: yes
configure:5089: checking for string.h
configure:5089: gcc -c -I/home/mearvk/IdeaProjects/Ubuntu.Determinant.Alpha.Restricted/userland/x11/_build/sysroot/usr/include  conftest.c >&5
configure:5089: $? = 0
configure:5089: result: yes
configure:5089: checking for inttypes.h
configure:5089: gcc -c -I/home/mearvk/IdeaProjects/Ubuntu.Determinant.Alpha.Restricted/userland/x11/_build/sysroot/usr/include  conftest.c >&5
configure:5089: $? = 0
configure:5089: result: yes
configure:5089: checking for stdint.h
configure:5089: gcc -c -I/home/mearvk/IdeaProjects/Ubuntu.Determinant.Alpha.Restricted/userland/x11/_build/sysroot/usr/include  conftest.c >&5
configure:5089: $? = 0
configure:5089: result: yes
configure:5089: checking for strings.h
configure:5089: gcc -c -I/home/mearvk/IdeaProjects/Ubuntu.Determinant.Alpha.Restricted/userland/x11/_build/sysroot/usr/include  conftest.c >&5
configure:5089: $? = 0
configure:5089: result: yes
configure:5089: checking for sys/stat.h
configure:5089: gcc -c -I/home/mearvk/IdeaProjects/Ubuntu.Determinant.Alpha.Restricted/userland/x11/_build/sysroot/usr/include  conftest.c >&5
configure:5089: $? = 0
configure:5089: result: yes
configure:5089: checking for sys/types.h
configure:5089: gcc -c -I/home/mearvk/IdeaProjects/Ubuntu.Determinant.Alpha.Restricted/userland/x11/_build/sysroot/usr/include  conftest.c >&5
configure:5089: $? = 0
configure:5089: result: yes
configure:5089: checking for unistd.h
configure:5089: gcc -c -I/home/mearvk/IdeaProjects/Ubuntu.Determinant.Alpha.Restricted/userland/x11/_build/sysroot/usr/include  conftest.c >&5
configure:5089: $? = 0
configure:5089: result: yes
configure:5089: checking for wchar.h
configure:5089: gcc -c -I/home/mearvk/IdeaProjects/Ubuntu.Determinant.Alpha.Restricted/userland/x11/_build/sysroot/usr/include  conftest.c >&5
configure:5089: $? = 0
configure:5089: result: yes
configure:5089: checking for minix/config.h
configure:5089: gcc -c -I/home/mearvk/IdeaProjects/Ubuntu.Determinant.Alpha.Restricted/userland/x11/_build/sysroot/usr/include  conftest.c >&5
conftest.c:49:10: fatal error: minix/config.h: No such file or directory
   49 | #include <minix/config.h>
      |          ^~~~~~~~~~~~~~~~
compilation terminated.
configure:5089: $? = 1
configure: failed program was:
| /* confdefs.h */
| #define PACKAGE_NAME "libbsd"
| #define PACKAGE_TARNAME "libbsd"
| #define PACKAGE_VERSION "0.12.2"
| #define PACKAGE_STRING "libbsd 0.12.2"
| #define PACKAGE_BUGREPORT "libbsd@lists.freedesktop.org"
| #define PACKAGE_URL ""
| #define PACKAGE "libbsd"
| #define VERSION "0.12.2"
| #define HAVE_STDIO_H 1
| #define HAVE_STDLIB_H 1
| #define HAVE_STRING_H 1
| #define HAVE_INTTYPES_H 1
| #define HAVE_STDINT_H 1
| #define HAVE_STRINGS_H 1
| #define HAVE_SYS_STAT_H 1
| #define HAVE_SYS_TYPES_H 1
| #define HAVE_UNISTD_H 1
| #define HAVE_WCHAR_H 1
| /* end confdefs.h.  */
| #include <stddef.h>
| #ifdef HAVE_STDIO_H
| # include <stdio.h>
| #endif
| #ifdef HAVE_STDLIB_H
| # include <stdlib.h>
| #endif
| #ifdef HAVE_STRING_H
| # include <string.h>
| #endif
| #ifdef HAVE_INTTYPES_H
| # include <inttypes.h>
| #endif
| #ifdef HAVE_STDINT_H
| # include <stdint.h>
| #endif
| #ifdef HAVE_STRINGS_H
| # include <strings.h>
| #endif
| #ifdef HAVE_SYS_TYPES_H
| # include <sys/types.h>
| #endif
| #ifdef HAVE_SYS_STAT_H
| # include <sys/stat.h>
| #endif
| #ifdef HAVE_UNISTD_H
| # include <unistd.h>
| #endif
| #include <minix/config.h>
configure:5089: result: no
configure:5120: checking whether it is safe to define __EXTENSIONS__
configure:5139: gcc -c -I/home/mearvk/IdeaProjects/Ubuntu.Determinant.Alpha.Restricted/userland/x11/_build/sysroot/usr/include  conftest.c >&5
configure:5139: $? = 0
configure:5149: result: yes
configure:5152: checking whether _XOPEN_SOURCE should be defined
configure:5174: gcc -c -I/home/mearvk/IdeaProjects/Ubuntu.Determinant.Alpha.Restricted/userland/x11/_build/sysroot/usr/include  conftest.c >&5
configure:5174: $? = 0
configure:5203: result: no
configure:5269: checking for gcc option to enable large file support
configure:5304: gcc -c -I/home/mearvk/IdeaProjects/Ubuntu.Determinant.Alpha.Restricted/userland/x11/_build/sysroot/usr/include  conftest.c >&5
configure:5304: $? = 0
configure:5310: gcc -DFTYPE=ino_t -c -I/home/mearvk/IdeaProjects/Ubuntu.Determinant.Alpha.Restricted/userland/x11/_build/sysroot/usr/include  conftest.c >&5
configure:5310: $? = 0
configure:5335: result: none needed
configure:5443: checking size of time_t
configure:5449: gcc -o conftest -I/home/mearvk/IdeaProjects/Ubuntu.Determinant.Alpha.Restricted/userland/x11/_build/sysroot/usr/include  -L/home/mearvk/IdeaProjects/Ubuntu.Determinant.Alpha.Restricted/userland/x11/_build/sysroot/usr/lib -Wl,-rpath-link,/home/mearvk/IdeaProjects/Ubuntu.Determinant.Alpha.Restricted/userland/x11/_build/sysroot/usr/lib conftest.c  >&5
configure:5449: $? = 0
configure:5449: ./conftest
configure:5449: $? = 0
configure:5470: result: 8
configure:5509: checking size of time_t
configure:5515: gcc -o conftest -I/home/mearvk/IdeaProjects/Ubuntu.Determinant.Alpha.Restricted/userland/x11/_build/sysroot/usr/include  -L/home/mearvk/IdeaProjects/Ubuntu.Determinant.Alpha.Restricted/userland/x11/_build/sysroot/usr/lib -Wl,-rpath-link,/home/mearvk/IdeaProjects/Ubuntu.Determinant.Alpha.Restricted/userland/x11/_build/sysroot/usr/lib conftest.c  >&5
configure:5515: $? = 0
configure:5515: ./conftest
configure:5515: $? = 0
configure:5537: result: 8
configure:5620: checking size of off_t
configure:5626: gcc -o conftest -I/home/mearvk/IdeaProjects/Ubuntu.Determinant.Alpha.Restricted/userland/x11/_build/sysroot/usr/include  -L/home/mearvk/IdeaProjects/Ubuntu.Determinant.Alpha.Restricted/userland/x11/_build/sysroot/usr/lib -Wl,-rpath-link,/home/mearvk/IdeaProjects/Ubuntu.Determinant.Alpha.Restricted/userland/x11/_build/sysroot/usr/lib conftest.c  >&5
configure:5626: $? = 0
configure:5626: ./conftest
configure:5626: $? = 0
configure:5647: result: 8
configure:5735: checking for ar
configure:5756: found /usr/bin/ar
configure:5768: result: ar
configure:5794: checking the archiver (ar) interface
configure:5811: gcc -c -I/home/mearvk/IdeaProjects/Ubuntu.Determinant.Alpha.Restricted/userland/x11/_build/sysroot/usr/include  conftest.c >&5
configure:5811: $? = 0
configure:5814: ar cru libconftest.a conftest.o >&5
ar: `u' modifier ignored since `D' is the default (see `U')
configure:5817: $? = 0
configure:5846: result: ar
configure:5898: checking build system type
configure:5914: result: x86_64-pc-linux-gnu
configure:5934: checking host system type
configure:5949: result: x86_64-pc-linux-gnu
configure:5990: checking how to print strings
configure:6017: result: printf
configure:6038: checking for a sed that does not truncate output
configure:6110: result: /usr/bin/sed
configure:6128: checking for grep that handles long lines and -e
configure:6194: result: /usr/bin/grep
configure:6199: checking for egrep
configure:6269: result: /usr/bin/grep -E
configure:6276: checking for fgrep
configure:6346: result: /usr/bin/grep -F
configure:6383: checking for ld used by gcc
configure:6452: result: /usr/bin/ld
configure:6459: checking if the linker (/usr/bin/ld) is GNU ld
configure:6476: result: yes
configure:6488: checking for BSD- or MS-compatible name lister (nm)
configure:6544: result: /usr/bin/nm -B
configure:6686: checking the name lister (/usr/bin/nm -B) interface
configure:6694: gcc -c -I/home/mearvk/IdeaProjects/Ubuntu.Determinant.Alpha.Restricted/userland/x11/_build/sysroot/usr/include  conftest.c >&5
configure:6697: /usr/bin/nm -B "conftest.o"
configure:6700: output
0000000000000000 B some_variable
configure:6708: result: BSD nm
configure:6711: checking whether ln -s works
configure:6715: result: yes
configure:6723: checking the maximum length of command line arguments
configure:6856: result: 1572864
configure:6904: checking how to convert x86_64-pc-linux-gnu file names to x86_64-pc-linux-gnu format
configure:6946: result: func_convert_file_noop
configure:6953: checking how to convert x86_64-pc-linux-gnu file names to toolchain format
configure:6975: result: func_convert_file_noop
configure:6982: checking for /usr/bin/ld option to reload object files
configure:6991: result: -r
configure:7071: checking for file
configure:7092: found /usr/bin/file
configure:7104: result: file
configure:7181: checking for objdump
configure:7202: found /usr/bin/objdump
configure:7214: result: objdump
configure:7246: checking how to recognize dependent libraries
configure:7448: result: pass_all
configure:7539: checking for dlltool
configure:7575: result: no
configure:7605: checking how to associate runtime and link libraries
configure:7634: result: printf %s\n
configure:7786: checking for archiver @FILE support
configure:7804: gcc -c -I/home/mearvk/IdeaProjects/Ubuntu.Determinant.Alpha.Restricted/userland/x11/_build/sysroot/usr/include  conftest.c >&5
configure:7804: $? = 0
configure:7808: ar cr libconftest.a @conftest.lst >&5
configure:7811: $? = 0
configure:7816: ar cr libconftest.a @conftest.lst >&5
ar: conftest.o: No such file or directory
configure:7819: $? = 1
configure:7832: result: @
configure:7896: checking for strip
configure:7917: found /usr/bin/strip
configure:7929: result: strip
configure:8007: checking for ranlib
configure:8028: found /usr/bin/ranlib
configure:8040: result: ranlib
configure:8142: checking command to parse /usr/bin/nm -B output from gcc object
configure:8296: gcc -c -I/home/mearvk/IdeaProjects/Ubuntu.Determinant.Alpha.Restricted/userland/x11/_build/sysroot/usr/include  conftest.c >&5
configure:8299: $? = 0
configure:8303: /usr/bin/nm -B conftest.o | /usr/bin/sed -n -e 's/^.*[	 ]\([ABCDGIRSTW][ABCDGIRSTW]*\)[	 ][	 ]*\([_A-Za-z][_A-Za-z0-9]*\)$/\1 \2 \2/p' | /usr/bin/sed '/ __gnu_lto/d' > conftest.nm
configure:8369: gcc -o conftest -I/home/mearvk/IdeaProjects/Ubuntu.Determinant.Alpha.Restricted/userland/x11/_build/sysroot/usr/include  -L/home/mearvk/IdeaProjects/Ubuntu.Determinant.Alpha.Restricted/userland/x11/_build/sysroot/usr/lib -Wl,-rpath-link,/home/mearvk/IdeaProjects/Ubuntu.Determinant.Alpha.Restricted/userland/x11/_build/sysroot/usr/lib conftest.c conftstm.o >&5
configure:8372: $? = 0
configure:8411: result: ok
configure:8458: checking for sysroot
configure:8490: result: no
configure:8497: checking for a working dd
configure:8542: result: /usr/bin/dd
configure:8546: checking how to truncate binary pipes
configure:8563: result: /usr/bin/dd bs=4096 count=1
configure:8700: gcc -c -I/home/mearvk/IdeaProjects/Ubuntu.Determinant.Alpha.Restricted/userland/x11/_build/sysroot/usr/include  conftest.c >&5
configure:8703: $? = 0
configure:8903: checking for mt
configure:8924: found /usr/bin/mt
configure:8936: result: mt
configure:8959: checking if mt is a manifest tool
configure:8966: mt '-?'
configure:8975: result: no
configure:9710: checking for dlfcn.h
configure:9710: gcc -c -I/home/mearvk/IdeaProjects/Ubuntu.Determinant.Alpha.Restricted/userland/x11/_build/sysroot/usr/include  conftest.c >&5
configure:9710: $? = 0
configure:9710: result: yes
configure:9975: checking for objdir
configure:9992: result: .libs
configure:10258: checking if gcc supports -fno-rtti -fno-exceptions
configure:10277: gcc -c -I/home/mearvk/IdeaProjects/Ubuntu.Determinant.Alpha.Restricted/userland/x11/_build/sysroot/usr/include  -fno-rtti -fno-exceptions conftest.c >&5
cc1: warning: command-line option '-fno-rtti' is valid for C++/D/ObjC++ but not for C
configure:10281: $? = 0
configure:10295: result: no
configure:10659: checking for gcc option to produce PIC
configure:10668: result: -fPIC -DPIC
configure:10676: checking if gcc PIC flag -fPIC -DPIC works
configure:10695: gcc -c -I/home/mearvk/IdeaProjects/Ubuntu.Determinant.Alpha.Restricted/userland/x11/_build/sysroot/usr/include  -fPIC -DPIC -DPIC conftest.c >&5
configure:10699: $? = 0
configure:10713: result: yes
configure:10742: checking if gcc static flag -static works
configure:10772: result: yes
configure:10787: checking if gcc supports -c -o file.o
configure:10809: gcc -c -I/home/mearvk/IdeaProjects/Ubuntu.Determinant.Alpha.Restricted/userland/x11/_build/sysroot/usr/include  -o out/conftest2.o conftest.c >&5
configure:10813: $? = 0
configure:10836: result: yes
configure:10844: checking if gcc supports -c -o file.o
configure:10893: result: yes
configure:10926: checking whether the gcc linker (/usr/bin/ld -m elf_x86_64) supports shared libraries
configure:12205: result: yes
configure:12242: checking whether -lc should be explicitly linked in
configure:12251: gcc -c -I/home/mearvk/IdeaProjects/Ubuntu.Determinant.Alpha.Restricted/userland/x11/_build/sysroot/usr/include  conftest.c >&5
configure:12254: $? = 0
configure:12269: gcc -shared  -fPIC -DPIC conftest.o  -v -Wl,-soname -Wl,conftest -o conftest 2\>\&1 \| /usr/bin/grep  -lc  \>/dev/null 2\>\&1
configure:12272: $? = 0
configure:12287: result: no
configure:12447: checking dynamic linker characteristics
configure:13029: gcc -o conftest -I/home/mearvk/IdeaProjects/Ubuntu.Determinant.Alpha.Restricted/userland/x11/_build/sysroot/usr/include  -L/home/mearvk/IdeaProjects/Ubuntu.Determinant.Alpha.Restricted/userland/x11/_build/sysroot/usr/lib -Wl,-rpath-link,/home/mearvk/IdeaProjects/Ubuntu.Determinant.Alpha.Restricted/userland/x11/_build/sysroot/usr/lib -Wl,-rpath -Wl,/foo conftest.c  >&5
configure:13029: $? = 0
configure:13281: result: GNU/Linux ld.so
configure:13403: checking how to hardcode library paths into programs
configure:13428: result: immediate
configure:14028: checking whether stripping libraries is possible
configure:14037: result: yes
configure:14079: checking if libtool supports shared libraries
configure:14081: result: yes
configure:14084: checking whether to build shared libraries
configure:14109: result: yes
configure:14112: checking whether to build static libraries
configure:14116: result: yes
configure:14154: checking if ld supports --version-script flag
configure:14181: gcc -o conftest -I/home/mearvk/IdeaProjects/Ubuntu.Determinant.Alpha.Restricted/userland/x11/_build/sysroot/usr/include  -L/home/mearvk/IdeaProjects/Ubuntu.Determinant.Alpha.Restricted/userland/x11/_build/sysroot/usr/lib -Wl,-rpath-link,/home/mearvk/IdeaProjects/Ubuntu.Determinant.Alpha.Restricted/userland/x11/_build/sysroot/usr/lib -Wl,--version-script=conftest.map conftest.c  >&5
configure:14181: $? = 0
configure:14199: result: yes
configure:14630: checking for objdump
configure:14663: result: objdump
configure:14739: checking for gcc
configure:14772: result: gcc
configure:15131: checking for C compiler version
configure:15140: gcc --version >&5
gcc (Ubuntu 13.3.0-6ubuntu2~24.04.1) 13.3.0
Copyright (C) 2023 Free Software Foundation, Inc.
This is free software; see the source for copying conditions.  There is NO
warranty; not even for MERCHANTABILITY or FITNESS FOR A PARTICULAR PURPOSE.

configure:15151: $? = 0
configure:15140: gcc -v >&5
Using built-in specs.
COLLECT_GCC=gcc
COLLECT_LTO_WRAPPER=/usr/libexec/gcc/x86_64-linux-gnu/13/lto-wrapper
OFFLOAD_TARGET_NAMES=nvptx-none:amdgcn-amdhsa
OFFLOAD_TARGET_DEFAULT=1
Target: x86_64-linux-gnu
Configured with: ../src/configure -v --with-pkgversion='Ubuntu 13.3.0-6ubuntu2~24.04.1' --with-bugurl=file:///usr/share/doc/gcc-13/README.Bugs --enable-languages=c,ada,c++,go,d,fortran,objc,obj-c++,m2 --prefix=/usr --with-gcc-major-version-only --program-suffix=-13 --program-prefix=x86_64-linux-gnu- --enable-shared --enable-linker-build-id --libexecdir=/usr/libexec --without-included-gettext --enable-threads=posix --libdir=/usr/lib --enable-nls --enable-bootstrap --enable-clocale=gnu --enable-libstdcxx-debug --enable-libstdcxx-time=yes --with-default-libstdcxx-abi=new --enable-libstdcxx-backtrace --enable-gnu-unique-object --disable-vtable-verify --enable-plugin --enable-default-pie --with-system-zlib --enable-libphobos-checking=release --with-target-system-zlib=auto --enable-objc-gc=auto --enable-multiarch --disable-werror --enable-cet --with-arch-32=i686 --with-abi=m64 --with-multilib-list=m32,m64,mx32 --enable-multilib --with-tune=generic --enable-offload-targets=nvptx-none=/build/gcc-13-EldibY/gcc-13-13.3.0/debian/tmp-nvptx/usr,amdgcn-amdhsa=/build/gcc-13-EldibY/gcc-13-13.3.0/debian/tmp-gcn/usr --enable-offload-defaulted --without-cuda-driver --enable-checking=release --build=x86_64-linux-gnu --host=x86_64-linux-gnu --target=x86_64-linux-gnu --with-build-config=bootstrap-lto-lean --enable-link-serialization=2
Thread model: posix
Supported LTO compression algorithms: zlib zstd
gcc version 13.3.0 (Ubuntu 13.3.0-6ubuntu2~24.04.1) 
... rest of stderr output deleted ...
configure:15151: $? = 0
configure:15140: gcc -V >&5
gcc: error: unrecognized command-line option '-V'
gcc: fatal error: no input files
compilation terminated.
configure:15151: $? = 1
configure:15140: gcc -qversion >&5
gcc: error: unrecognized command-line option '-qversion'; did you mean '--version'?
gcc: fatal error: no input files
compilation terminated.
configure:15151: $? = 1
configure:15140: gcc -version >&5
gcc: error: unrecognized command-line option '-version'
gcc: fatal error: no input files
compilation terminated.
configure:15151: $? = 1
configure:15155: checking whether the compiler supports GNU C
configure:15187: result: yes
configure:15198: checking whether gcc accepts -g
configure:15266: result: yes
configure:15286: checking for gcc option to enable C11 features
configure:15320: result: none needed
configure:15444: checking whether gcc understands -c and -o together
configure:15483: result: yes
configure:15502: checking dependency style of gcc
configure:15615: result: gcc3
configure:15630: checking for a sed that does not truncate output
configure:15702: result: /usr/bin/sed
configure:15708: checking whether ln -s works
configure:15712: result: yes
configure:17371: checking for unif01_CreateExternGenBits in -ltestu01
configure:17400: gcc -o conftest -I/home/mearvk/IdeaProjects/Ubuntu.Determinant.Alpha.Restricted/userland/x11/_build/sysroot/usr/include  -L/home/mearvk/IdeaProjects/Ubuntu.Determinant.Alpha.Restricted/userland/x11/_build/sysroot/usr/lib -Wl,-rpath-link,/home/mearvk/IdeaProjects/Ubuntu.Determinant.Alpha.Restricted/userland/x11/_build/sysroot/usr/lib conftest.c -ltestu01   >&5
/usr/bin/ld: cannot find -ltestu01: No such file or directory
collect2: error: ld returned 1 exit status
configure:17400: $? = 1
configure: failed program was:
| /* confdefs.h */
| #define PACKAGE_NAME "libbsd"
| #define PACKAGE_TARNAME "libbsd"
| #define PACKAGE_VERSION "0.12.2"
| #define PACKAGE_STRING "libbsd 0.12.2"
| #define PACKAGE_BUGREPORT "libbsd@lists.freedesktop.org"
| #define PACKAGE_URL ""
| #define PACKAGE "libbsd"
| #define VERSION "0.12.2"
| #define HAVE_STDIO_H 1
| #define HAVE_STDLIB_H 1
| #define HAVE_STRING_H 1
| #define HAVE_INTTYPES_H 1
| #define HAVE_STDINT_H 1
| #define HAVE_STRINGS_H 1
| #define HAVE_SYS_STAT_H 1
| #define HAVE_SYS_TYPES_H 1
| #define HAVE_UNISTD_H 1
| #define HAVE_WCHAR_H 1
| #define STDC_HEADERS 1
| #define _ALL_SOURCE 1
| #define _DARWIN_C_SOURCE 1
| #define _GNU_SOURCE 1
| #define _HPUX_ALT_XOPEN_SOCKET_API 1
| #define _NETBSD_SOURCE 1
| #define _OPENBSD_SOURCE 1
| #define _POSIX_PTHREAD_SEMANTICS 1
| #define __STDC_WANT_IEC_60559_ATTRIBS_EXT__ 1
| #define __STDC_WANT_IEC_60559_BFP_EXT__ 1
| #define __STDC_WANT_IEC_60559_DFP_EXT__ 1
| #define __STDC_WANT_IEC_60559_EXT__ 1
| #define __STDC_WANT_IEC_60559_FUNCS_EXT__ 1
| #define __STDC_WANT_IEC_60559_TYPES_EXT__ 1
| #define __STDC_WANT_LIB_EXT2__ 1
| #define __STDC_WANT_MATH_SPEC_FUNCS__ 1
| #define _TANDEM_SOURCE 1
| #define __EXTENSIONS__ 1
| #define SIZEOF_TIME_T 8
| #define LIBBSD_SYS_TIME_BITS 64
| #define SIZEOF_TIME_T 8
| #define LIBBSD_SYS_HAS_TIME64 1
| #define LIBBSD_ABI_TIME64 0
| #define SIZEOF_OFF_T 8
| #define HAVE_DLFCN_H 1
| #define LT_OBJDIR ".libs/"
| /* end confdefs.h.  */
| 
| /* Override any GCC internal prototype to avoid an error.
|    Use char because int might match the return type of a GCC
|    builtin and then its argument prototype would still apply.
|    The 'extern "C"' is for builds by C++ compilers;
|    although this is not generally supported in C code supporting it here
|    has little cost and some practical benefit (sr 110532).  */
| #ifdef __cplusplus
| extern "C"
| #endif
| char unif01_CreateExternGenBits (void);
| int
| main (void)
| {
| return unif01_CreateExternGenBits ();
|   ;
|   return 0;
| }
configure:17412: result: no
configure:17433: checking for library containing MD5Update
configure:17469: gcc -o conftest -I/home/mearvk/IdeaProjects/Ubuntu.Determinant.Alpha.Restricted/userland/x11/_build/sysroot/usr/include  -L/home/mearvk/IdeaProjects/Ubuntu.Determinant.Alpha.Restricted/userland/x11/_build/sysroot/usr/lib -Wl,-rpath-link,/home/mearvk/IdeaProjects/Ubuntu.Determinant.Alpha.Restricted/userland/x11/_build/sysroot/usr/lib conftest.c  >&5
/usr/bin/ld: /tmp/cczuRKht.o: in function `main':
conftest.c:(.text+0x9): undefined reference to `MD5Update'
collect2: error: ld returned 1 exit status
configure:17469: $? = 1
configure: failed program was:
| /* confdefs.h */
| #define PACKAGE_NAME "libbsd"
| #define PACKAGE_TARNAME "libbsd"
| #define PACKAGE_VERSION "0.12.2"
| #define PACKAGE_STRING "libbsd 0.12.2"
| #define PACKAGE_BUGREPORT "libbsd@lists.freedesktop.org"
| #define PACKAGE_URL ""
| #define PACKAGE "libbsd"
| #define VERSION "0.12.2"
| #define HAVE_STDIO_H 1
| #define HAVE_STDLIB_H 1
| #define HAVE_STRING_H 1
| #define HAVE_INTTYPES_H 1
| #define HAVE_STDINT_H 1
| #define HAVE_STRINGS_H 1
| #define HAVE_SYS_STAT_H 1
| #define HAVE_SYS_TYPES_H 1
| #define HAVE_UNISTD_H 1
| #define HAVE_WCHAR_H 1
| #define STDC_HEADERS 1
| #define _ALL_SOURCE 1
| #define _DARWIN_C_SOURCE 1
| #define _GNU_SOURCE 1
| #define _HPUX_ALT_XOPEN_SOCKET_API 1
| #define _NETBSD_SOURCE 1
| #define _OPENBSD_SOURCE 1
| #define _POSIX_PTHREAD_SEMANTICS 1
| #define __STDC_WANT_IEC_60559_ATTRIBS_EXT__ 1
| #define __STDC_WANT_IEC_60559_BFP_EXT__ 1
| #define __STDC_WANT_IEC_60559_DFP_EXT__ 1
| #define __STDC_WANT_IEC_60559_EXT__ 1
| #define __STDC_WANT_IEC_60559_FUNCS_EXT__ 1
| #define __STDC_WANT_IEC_60559_TYPES_EXT__ 1
| #define __STDC_WANT_LIB_EXT2__ 1
| #define __STDC_WANT_MATH_SPEC_FUNCS__ 1
| #define _TANDEM_SOURCE 1
| #define __EXTENSIONS__ 1
| #define SIZEOF_TIME_T 8
| #define LIBBSD_SYS_TIME_BITS 64
| #define SIZEOF_TIME_T 8
| #define LIBBSD_SYS_HAS_TIME64 1
| #define LIBBSD_ABI_TIME64 0
| #define SIZEOF_OFF_T 8
| #define HAVE_DLFCN_H 1
| #define LT_OBJDIR ".libs/"
| /* end confdefs.h.  */
| 
| /* Override any GCC internal prototype to avoid an error.
|    Use char because int might match the return type of a GCC
|    builtin and then its argument prototype would still apply.
|    The 'extern "C"' is for builds by C++ compilers;
|    although this is not generally supported in C code supporting it here
|    has little cost and some practical benefit (sr 110532).  */
| #ifdef __cplusplus
| extern "C"
| #endif
| char MD5Update (void);
| int
| main (void)
| {
| return MD5Update ();
|   ;
|   return 0;
| }
configure:17469: gcc -o conftest -I/home/mearvk/IdeaProjects/Ubuntu.Determinant.Alpha.Restricted/userland/x11/_build/sysroot/usr/include  -L/home/mearvk/IdeaProjects/Ubuntu.Determinant.Alpha.Restricted/userland/x11/_build/sysroot/usr/lib -Wl,-rpath-link,/home/mearvk/IdeaProjects/Ubuntu.Determinant.Alpha.Restricted/userland/x11/_build/sysroot/usr/lib conftest.c -lmd   >&5
configure:17469: $? = 0
configure:17491: result: -lmd
configure:17518: checking for getentropy
configure:17518: gcc -o conftest -I/home/mearvk/IdeaProjects/Ubuntu.Determinant.Alpha.Restricted/userland/x11/_build/sysroot/usr/include  -L/home/mearvk/IdeaProjects/Ubuntu.Determinant.Alpha.Restricted/userland/x11/_build/sysroot/usr/lib -Wl,-rpath-link,/home/mearvk/IdeaProjects/Ubuntu.Determinant.Alpha.Restricted/userland/x11/_build/sysroot/usr/lib conftest.c -lmd  >&5
configure:17518: $? = 0
configure:17518: result: yes
configure:17619: checking for library containing clock_gettime
configure:17655: gcc -o conftest -I/home/mearvk/IdeaProjects/Ubuntu.Determinant.Alpha.Restricted/userland/x11/_build/sysroot/usr/include  -L/home/mearvk/IdeaProjects/Ubuntu.Determinant.Alpha.Restricted/userland/x11/_build/sysroot/usr/lib -Wl,-rpath-link,/home/mearvk/IdeaProjects/Ubuntu.Determinant.Alpha.Restricted/userland/x11/_build/sysroot/usr/lib conftest.c  >&5
configure:17655: $? = 0
configure:17677: result: none required
configure:17779: checking for sys/ndir.h
configure:17779: gcc -c -I/home/mearvk/IdeaProjects/Ubuntu.Determinant.Alpha.Restricted/userland/x11/_build/sysroot/usr/include  conftest.c >&5
conftest.c:76:10: fatal error: sys/ndir.h: No such file or directory
   76 | #include <sys/ndir.h>
      |          ^~~~~~~~~~~~
compilation terminated.
configure:17779: $? = 1
configure: failed program was:
| /* confdefs.h */
| #define PACKAGE_NAME "libbsd"
| #define PACKAGE_TARNAME "libbsd"
| #define PACKAGE_VERSION "0.12.2"
| #define PACKAGE_STRING "libbsd 0.12.2"
| #define PACKAGE_BUGREPORT "libbsd@lists.freedesktop.org"
| #define PACKAGE_URL ""
| #define PACKAGE "libbsd"
| #define VERSION "0.12.2"
| #define HAVE_STDIO_H 1
| #define HAVE_STDLIB_H 1
| #define HAVE_STRING_H 1
| #define HAVE_INTTYPES_H 1
| #define HAVE_STDINT_H 1
| #define HAVE_STRINGS_H 1
| #define HAVE_SYS_STAT_H 1
| #define HAVE_SYS_TYPES_H 1
| #define HAVE_UNISTD_H 1
| #define HAVE_WCHAR_H 1
| #define STDC_HEADERS 1
| #define _ALL_SOURCE 1
| #define _DARWIN_C_SOURCE 1
| #define _GNU_SOURCE 1
| #define _HPUX_ALT_XOPEN_SOCKET_API 1
| #define _NETBSD_SOURCE 1
| #define _OPENBSD_SOURCE 1
| #define _POSIX_PTHREAD_SEMANTICS 1
| #define __STDC_WANT_IEC_60559_ATTRIBS_EXT__ 1
| #define __STDC_WANT_IEC_60559_BFP_EXT__ 1
| #define __STDC_WANT_IEC_60559_DFP_EXT__ 1
| #define __STDC_WANT_IEC_60559_EXT__ 1
| #define __STDC_WANT_IEC_60559_FUNCS_EXT__ 1
| #define __STDC_WANT_IEC_60559_TYPES_EXT__ 1
| #define __STDC_WANT_LIB_EXT2__ 1
| #define __STDC_WANT_MATH_SPEC_FUNCS__ 1
| #define _TANDEM_SOURCE 1
| #define __EXTENSIONS__ 1
| #define SIZEOF_TIME_T 8
| #define LIBBSD_SYS_TIME_BITS 64
| #define SIZEOF_TIME_T 8
| #define LIBBSD_SYS_HAS_TIME64 1
| #define LIBBSD_ABI_TIME64 0
| #define SIZEOF_OFF_T 8
| #define HAVE_DLFCN_H 1
| #define LT_OBJDIR ".libs/"
| #define HAVE_GETENTROPY 1
| /* end confdefs.h.  */
| #include <stddef.h>
| #ifdef HAVE_STDIO_H
| # include <stdio.h>
| #endif
| #ifdef HAVE_STDLIB_H
| # include <stdlib.h>
| #endif
| #ifdef HAVE_STRING_H
| # include <string.h>
| #endif
| #ifdef HAVE_INTTYPES_H
| # include <inttypes.h>
| #endif
| #ifdef HAVE_STDINT_H
| # include <stdint.h>
| #endif
| #ifdef HAVE_STRINGS_H
| # include <strings.h>
| #endif
| #ifdef HAVE_SYS_TYPES_H
| # include <sys/types.h>
| #endif
| #ifdef HAVE_SYS_STAT_H
| # include <sys/stat.h>
| #endif
| #ifdef HAVE_UNISTD_H
| # include <unistd.h>
| #endif
| #include <sys/ndir.h>
configure:17779: result: no
configure:17785: checking for sys/dir.h
configure:17785: gcc -c -I/home/mearvk/IdeaProjects/Ubuntu.Determinant.Alpha.Restricted/userland/x11/_build/sysroot/usr/include  conftest.c >&5
configure:17785: $? = 0
configure:17785: result: yes
configure:17791: checking for ndir.h
configure:17791: gcc -c -I/home/mearvk/IdeaProjects/Ubuntu.Determinant.Alpha.Restricted/userland/x11/_build/sysroot/usr/include  conftest.c >&5
conftest.c:77:10: fatal error: ndir.h: No such file or directory
   77 | #include <ndir.h>
      |          ^~~~~~~~
compilation terminated.
configure:17791: $? = 1
configure: failed program was:
| /* confdefs.h */
| #define PACKAGE_NAME "libbsd"
| #define PACKAGE_TARNAME "libbsd"
| #define PACKAGE_VERSION "0.12.2"
| #define PACKAGE_STRING "libbsd 0.12.2"
| #define PACKAGE_BUGREPORT "libbsd@lists.freedesktop.org"
| #define PACKAGE_URL ""
| #define PACKAGE "libbsd"
| #define VERSION "0.12.2"
| #define HAVE_STDIO_H 1
| #define HAVE_STDLIB_H 1
| #define HAVE_STRING_H 1
| #define HAVE_INTTYPES_H 1
| #define HAVE_STDINT_H 1
| #define HAVE_STRINGS_H 1
| #define HAVE_SYS_STAT_H 1
| #define HAVE_SYS_TYPES_H 1
| #define HAVE_UNISTD_H 1
| #define HAVE_WCHAR_H 1
| #define STDC_HEADERS 1
| #define _ALL_SOURCE 1
| #define _DARWIN_C_SOURCE 1
| #define _GNU_SOURCE 1
| #define _HPUX_ALT_XOPEN_SOCKET_API 1
| #define _NETBSD_SOURCE 1
| #define _OPENBSD_SOURCE 1
| #define _POSIX_PTHREAD_SEMANTICS 1
| #define __STDC_WANT_IEC_60559_ATTRIBS_EXT__ 1
| #define __STDC_WANT_IEC_60559_BFP_EXT__ 1
| #define __STDC_WANT_IEC_60559_DFP_EXT__ 1
| #define __STDC_WANT_IEC_60559_EXT__ 1
| #define __STDC_WANT_IEC_60559_FUNCS_EXT__ 1
| #define __STDC_WANT_IEC_60559_TYPES_EXT__ 1
| #define __STDC_WANT_LIB_EXT2__ 1
| #define __STDC_WANT_MATH_SPEC_FUNCS__ 1
| #define _TANDEM_SOURCE 1
| #define __EXTENSIONS__ 1
| #define SIZEOF_TIME_T 8
| #define LIBBSD_SYS_TIME_BITS 64
| #define SIZEOF_TIME_T 8
| #define LIBBSD_SYS_HAS_TIME64 1
| #define LIBBSD_ABI_TIME64 0
| #define SIZEOF_OFF_T 8
| #define HAVE_DLFCN_H 1
| #define LT_OBJDIR ".libs/"
| #define HAVE_GETENTROPY 1
| #define HAVE_SYS_DIR_H 1
| /* end confdefs.h.  */
| #include <stddef.h>
| #ifdef HAVE_STDIO_H
| # include <stdio.h>
| #endif
| #ifdef HAVE_STDLIB_H
| # include <stdlib.h>
| #endif
| #ifdef HAVE_STRING_H
| # include <string.h>
| #endif
| #ifdef HAVE_INTTYPES_H
| # include <inttypes.h>
| #endif
| #ifdef HAVE_STDINT_H
| # include <stdint.h>
| #endif
| #ifdef HAVE_STRINGS_H
| # include <strings.h>
| #endif
| #ifdef HAVE_SYS_TYPES_H
| # include <sys/types.h>
| #endif
| #ifdef HAVE_SYS_STAT_H
| # include <sys/stat.h>
| #endif
| #ifdef HAVE_UNISTD_H
| # include <unistd.h>
| #endif
| #include <ndir.h>
configure:17791: result: no
configure:17797: checking for dirent.h
configure:17797: gcc -c -I/home/mearvk/IdeaProjects/Ubuntu.Determinant.Alpha.Restricted/userland/x11/_build/sysroot/usr/include  conftest.c >&5
configure:17797: $? = 0
configure:17797: result: yes
configure:17803: checking for pwd.h
configure:17803: gcc -c -I/home/mearvk/IdeaProjects/Ubuntu.Determinant.Alpha.Restricted/userland/x11/_build/sysroot/usr/include  conftest.c >&5
configure:17803: $? = 0
configure:17803: result: yes
configure:17809: checking for grp.h
configure:17809: gcc -c -I/home/mearvk/IdeaProjects/Ubuntu.Determinant.Alpha.Restricted/userland/x11/_build/sysroot/usr/include  conftest.c >&5
configure:17809: $? = 0
configure:17809: result: yes
configure:17815: checking for stdio_ext.h
configure:17815: gcc -c -I/home/mearvk/IdeaProjects/Ubuntu.Determinant.Alpha.Restricted/userland/x11/_build/sysroot/usr/include  conftest.c >&5
configure:17815: $? = 0
configure:17815: result: yes
configure:17821: checking for procinfo.h
configure:17821: gcc -c -I/home/mearvk/IdeaProjects/Ubuntu.Determinant.Alpha.Restricted/userland/x11/_build/sysroot/usr/include  conftest.c >&5
conftest.c:81:10: fatal error: procinfo.h: No such file or directory
   81 | #include <procinfo.h>
      |          ^~~~~~~~~~~~
compilation terminated.
configure:17821: $? = 1
configure: failed program was:
| /* confdefs.h */
| #define PACKAGE_NAME "libbsd"
| #define PACKAGE_TARNAME "libbsd"
| #define PACKAGE_VERSION "0.12.2"
| #define PACKAGE_STRING "libbsd 0.12.2"
| #define PACKAGE_BUGREPORT "libbsd@lists.freedesktop.org"
| #define PACKAGE_URL ""
| #define PACKAGE "libbsd"
| #define VERSION "0.12.2"
| #define HAVE_STDIO_H 1
| #define HAVE_STDLIB_H 1
| #define HAVE_STRING_H 1
| #define HAVE_INTTYPES_H 1
| #define HAVE_STDINT_H 1
| #define HAVE_STRINGS_H 1
| #define HAVE_SYS_STAT_H 1
| #define HAVE_SYS_TYPES_H 1
| #define HAVE_UNISTD_H 1
| #define HAVE_WCHAR_H 1
| #define STDC_HEADERS 1
| #define _ALL_SOURCE 1
| #define _DARWIN_C_SOURCE 1
| #define _GNU_SOURCE 1
| #define _HPUX_ALT_XOPEN_SOCKET_API 1
| #define _NETBSD_SOURCE 1
| #define _OPENBSD_SOURCE 1
| #define _POSIX_PTHREAD_SEMANTICS 1
| #define __STDC_WANT_IEC_60559_ATTRIBS_EXT__ 1
| #define __STDC_WANT_IEC_60559_BFP_EXT__ 1
| #define __STDC_WANT_IEC_60559_DFP_EXT__ 1
| #define __STDC_WANT_IEC_60559_EXT__ 1
| #define __STDC_WANT_IEC_60559_FUNCS_EXT__ 1
| #define __STDC_WANT_IEC_60559_TYPES_EXT__ 1
| #define __STDC_WANT_LIB_EXT2__ 1
| #define __STDC_WANT_MATH_SPEC_FUNCS__ 1
| #define _TANDEM_SOURCE 1
| #define __EXTENSIONS__ 1
| #define SIZEOF_TIME_T 8
| #define LIBBSD_SYS_TIME_BITS 64
| #define SIZEOF_TIME_T 8
| #define LIBBSD_SYS_HAS_TIME64 1
| #define LIBBSD_ABI_TIME64 0
| #define SIZEOF_OFF_T 8
| #define HAVE_DLFCN_H 1
| #define LT_OBJDIR ".libs/"
| #define HAVE_GETENTROPY 1
| #define HAVE_SYS_DIR_H 1
| #define HAVE_DIRENT_H 1
| #define HAVE_PWD_H 1
| #define HAVE_GRP_H 1
| #define HAVE_STDIO_EXT_H 1
| /* end confdefs.h.  */
| #include <stddef.h>
| #ifdef HAVE_STDIO_H
| # include <stdio.h>
| #endif
| #ifdef HAVE_STDLIB_H
| # include <stdlib.h>
| #endif
| #ifdef HAVE_STRING_H
| # include <string.h>
| #endif
| #ifdef HAVE_INTTYPES_H
| # include <inttypes.h>
| #endif
| #ifdef HAVE_STDINT_H
| # include <stdint.h>
| #endif
| #ifdef HAVE_STRINGS_H
| # include <strings.h>
| #endif
| #ifdef HAVE_SYS_TYPES_H
| # include <sys/types.h>
| #endif
| #ifdef HAVE_SYS_STAT_H
| # include <sys/stat.h>
| #endif
| #ifdef HAVE_UNISTD_H
| # include <unistd.h>
| #endif
| #include <procinfo.h>
configure:17821: result: no
configure:17830: checking for inline
configure:17847: gcc -c -I/home/mearvk/IdeaProjects/Ubuntu.Determinant.Alpha.Restricted/userland/x11/_build/sysroot/usr/include  conftest.c >&5
configure:17847: $? = 0
configure:17857: result: inline
configure:17876: checking for typeof syntax and keyword spelling
configure:17908: gcc -c -I/home/mearvk/IdeaProjects/Ubuntu.Determinant.Alpha.Restricted/userland/x11/_build/sysroot/usr/include  conftest.c >&5
configure:17908: $? = 0
configure:17917: result: typeof
configure:17930: checking for int64_t
configure:17930: gcc -c -I/home/mearvk/IdeaProjects/Ubuntu.Determinant.Alpha.Restricted/userland/x11/_build/sysroot/usr/include  conftest.c >&5
configure:17930: $? = 0
configure:17930: gcc -c -I/home/mearvk/IdeaProjects/Ubuntu.Determinant.Alpha.Restricted/userland/x11/_build/sysroot/usr/include  conftest.c >&5
conftest.c: In function 'main':
conftest.c:87:67: warning: integer overflow in expression of type 'long int' results in '-9223372036854775808' [-Woverflow]
   87 |                  < (int64_t) (((((int64_t) 1 << N) << N) - 1) * 2 + 2))];
      |                                                                   ^
conftest.c:86:12: error: storage size of 'test_array' isn't constant
   86 | static int test_array [1 - 2 * !((int64_t) (((((int64_t) 1 << N) << N) - 1) * 2 + 1)
      |            ^~~~~~~~~~
configure:17930: $? = 1
configure: failed program was:
| /* confdefs.h */
| #define PACKAGE_NAME "libbsd"
| #define PACKAGE_TARNAME "libbsd"
| #define PACKAGE_VERSION "0.12.2"
| #define PACKAGE_STRING "libbsd 0.12.2"
| #define PACKAGE_BUGREPORT "libbsd@lists.freedesktop.org"
| #define PACKAGE_URL ""
| #define PACKAGE "libbsd"
| #define VERSION "0.12.2"
| #define HAVE_STDIO_H 1
| #define HAVE_STDLIB_H 1
| #define HAVE_STRING_H 1
| #define HAVE_INTTYPES_H 1
| #define HAVE_STDINT_H 1
| #define HAVE_STRINGS_H 1
| #define HAVE_SYS_STAT_H 1
| #define HAVE_SYS_TYPES_H 1
| #define HAVE_UNISTD_H 1
| #define HAVE_WCHAR_H 1
| #define STDC_HEADERS 1
| #define _ALL_SOURCE 1
| #define _DARWIN_C_SOURCE 1
| #define _GNU_SOURCE 1
| #define _HPUX_ALT_XOPEN_SOCKET_API 1
| #define _NETBSD_SOURCE 1
| #define _OPENBSD_SOURCE 1
| #define _POSIX_PTHREAD_SEMANTICS 1
| #define __STDC_WANT_IEC_60559_ATTRIBS_EXT__ 1
| #define __STDC_WANT_IEC_60559_BFP_EXT__ 1
| #define __STDC_WANT_IEC_60559_DFP_EXT__ 1
| #define __STDC_WANT_IEC_60559_EXT__ 1
| #define __STDC_WANT_IEC_60559_FUNCS_EXT__ 1
| #define __STDC_WANT_IEC_60559_TYPES_EXT__ 1
| #define __STDC_WANT_LIB_EXT2__ 1
| #define __STDC_WANT_MATH_SPEC_FUNCS__ 1
| #define _TANDEM_SOURCE 1
| #define __EXTENSIONS__ 1
| #define SIZEOF_TIME_T 8
| #define LIBBSD_SYS_TIME_BITS 64
| #define SIZEOF_TIME_T 8
| #define LIBBSD_SYS_HAS_TIME64 1
| #define LIBBSD_ABI_TIME64 0
| #define SIZEOF_OFF_T 8
| #define HAVE_DLFCN_H 1
| #define LT_OBJDIR ".libs/"
| #define HAVE_GETENTROPY 1
| #define HAVE_SYS_DIR_H 1
| #define HAVE_DIRENT_H 1
| #define HAVE_PWD_H 1
| #define HAVE_GRP_H 1
| #define HAVE_STDIO_EXT_H 1
| #define HAVE_TYPEOF 1
| /* end confdefs.h.  */
| #include <stddef.h>
| #ifdef HAVE_STDIO_H
| # include <stdio.h>
| #endif
| #ifdef HAVE_STDLIB_H
| # include <stdlib.h>
| #endif
| #ifdef HAVE_STRING_H
| # include <string.h>
| #endif
| #ifdef HAVE_INTTYPES_H
| # include <inttypes.h>
| #endif
| #ifdef HAVE_STDINT_H
| # include <stdint.h>
| #endif
| #ifdef HAVE_STRINGS_H
| # include <strings.h>
| #endif
| #ifdef HAVE_SYS_TYPES_H
| # include <sys/types.h>
| #endif
| #ifdef HAVE_SYS_STAT_H
| # include <sys/stat.h>
| #endif
| #ifdef HAVE_UNISTD_H
| # include <unistd.h>
| #endif
| 	        enum { N = 64 / 2 - 1 };
| int
| main (void)
| {
| static int test_array [1 - 2 * !((int64_t) (((((int64_t) 1 << N) << N) - 1) * 2 + 1)
| 		 < (int64_t) (((((int64_t) 1 << N) << N) - 1) * 2 + 2))];
| test_array [0] = 0;
| return test_array [0];
| 
|   ;
|   return 0;
| }
configure:17930: result: yes
configure:17939: checking for mode_t
configure:17939: gcc -c -I/home/mearvk/IdeaProjects/Ubuntu.Determinant.Alpha.Restricted/userland/x11/_build/sysroot/usr/include  conftest.c >&5
configure:17939: $? = 0
configure:17939: gcc -c -I/home/mearvk/IdeaProjects/Ubuntu.Determinant.Alpha.Restricted/userland/x11/_build/sysroot/usr/include  conftest.c >&5
conftest.c: In function 'main':
conftest.c:85:21: error: expected expression before ')' token
   85 | if (sizeof ((mode_t)))
      |                     ^
configure:17939: $? = 1
configure: failed program was:
| /* confdefs.h */
| #define PACKAGE_NAME "libbsd"
| #define PACKAGE_TARNAME "libbsd"
| #define PACKAGE_VERSION "0.12.2"
| #define PACKAGE_STRING "libbsd 0.12.2"
| #define PACKAGE_BUGREPORT "libbsd@lists.freedesktop.org"
| #define PACKAGE_URL ""
| #define PACKAGE "libbsd"
| #define VERSION "0.12.2"
| #define HAVE_STDIO_H 1
| #define HAVE_STDLIB_H 1
| #define HAVE_STRING_H 1
| #define HAVE_INTTYPES_H 1
| #define HAVE_STDINT_H 1
| #define HAVE_STRINGS_H 1
| #define HAVE_SYS_STAT_H 1
| #define HAVE_SYS_TYPES_H 1
| #define HAVE_UNISTD_H 1
| #define HAVE_WCHAR_H 1
| #define STDC_HEADERS 1
| #define _ALL_SOURCE 1
| #define _DARWIN_C_SOURCE 1
| #define _GNU_SOURCE 1
| #define _HPUX_ALT_XOPEN_SOCKET_API 1
| #define _NETBSD_SOURCE 1
| #define _OPENBSD_SOURCE 1
| #define _POSIX_PTHREAD_SEMANTICS 1
| #define __STDC_WANT_IEC_60559_ATTRIBS_EXT__ 1
| #define __STDC_WANT_IEC_60559_BFP_EXT__ 1
| #define __STDC_WANT_IEC_60559_DFP_EXT__ 1
| #define __STDC_WANT_IEC_60559_EXT__ 1
| #define __STDC_WANT_IEC_60559_FUNCS_EXT__ 1
| #define __STDC_WANT_IEC_60559_TYPES_EXT__ 1
| #define __STDC_WANT_LIB_EXT2__ 1
| #define __STDC_WANT_MATH_SPEC_FUNCS__ 1
| #define _TANDEM_SOURCE 1
| #define __EXTENSIONS__ 1
| #define SIZEOF_TIME_T 8
| #define LIBBSD_SYS_TIME_BITS 64
| #define SIZEOF_TIME_T 8
| #define LIBBSD_SYS_HAS_TIME64 1
| #define LIBBSD_ABI_TIME64 0
| #define SIZEOF_OFF_T 8
| #define HAVE_DLFCN_H 1
| #define LT_OBJDIR ".libs/"
| #define HAVE_GETENTROPY 1
| #define HAVE_SYS_DIR_H 1
| #define HAVE_DIRENT_H 1
| #define HAVE_PWD_H 1
| #define HAVE_GRP_H 1
| #define HAVE_STDIO_EXT_H 1
| #define HAVE_TYPEOF 1
| /* end confdefs.h.  */
| #include <stddef.h>
| #ifdef HAVE_STDIO_H
| # include <stdio.h>
| #endif
| #ifdef HAVE_STDLIB_H
| # include <stdlib.h>
| #endif
| #ifdef HAVE_STRING_H
| # include <string.h>
| #endif
| #ifdef HAVE_INTTYPES_H
| # include <inttypes.h>
| #endif
| #ifdef HAVE_STDINT_H
| # include <stdint.h>
| #endif
| #ifdef HAVE_STRINGS_H
| # include <strings.h>
| #endif
| #ifdef HAVE_SYS_TYPES_H
| # include <sys/types.h>
| #endif
| #ifdef HAVE_SYS_STAT_H
| # include <sys/stat.h>
| #endif
| #ifdef HAVE_UNISTD_H
| # include <unistd.h>
| #endif
| int
| main (void)
| {
| if (sizeof ((mode_t)))
| 	    return 0;
|   ;
|   return 0;
| }
configure:17939: result: yes
configure:17950: checking for off_t
configure:17950: gcc -c -I/home/mearvk/IdeaProjects/Ubuntu.Determinant.Alpha.Restricted/userland/x11/_build/sysroot/usr/include  conftest.c >&5
configure:17950: $? = 0
configure:17950: gcc -c -I/home/mearvk/IdeaProjects/Ubuntu.Determinant.Alpha.Restricted/userland/x11/_build/sysroot/usr/include  conftest.c >&5
conftest.c: In function 'main':
conftest.c:85:20: error: expected expression before ')' token
   85 | if (sizeof ((off_t)))
      |                    ^
configure:17950: $? = 1
configure: failed program was:
| /* confdefs.h */
| #define PACKAGE_NAME "libbsd"
| #define PACKAGE_TARNAME "libbsd"
| #define PACKAGE_VERSION "0.12.2"
| #define PACKAGE_STRING "libbsd 0.12.2"
| #define PACKAGE_BUGREPORT "libbsd@lists.freedesktop.org"
| #define PACKAGE_URL ""
| #define PACKAGE "libbsd"
| #define VERSION "0.12.2"
| #define HAVE_STDIO_H 1
| #define HAVE_STDLIB_H 1
| #define HAVE_STRING_H 1
| #define HAVE_INTTYPES_H 1
| #define HAVE_STDINT_H 1
| #define HAVE_STRINGS_H 1
| #define HAVE_SYS_STAT_H 1
| #define HAVE_SYS_TYPES_H 1
| #define HAVE_UNISTD_H 1
| #define HAVE_WCHAR_H 1
| #define STDC_HEADERS 1
| #define _ALL_SOURCE 1
| #define _DARWIN_C_SOURCE 1
| #define _GNU_SOURCE 1
| #define _HPUX_ALT_XOPEN_SOCKET_API 1
| #define _NETBSD_SOURCE 1
| #define _OPENBSD_SOURCE 1
| #define _POSIX_PTHREAD_SEMANTICS 1
| #define __STDC_WANT_IEC_60559_ATTRIBS_EXT__ 1
| #define __STDC_WANT_IEC_60559_BFP_EXT__ 1
| #define __STDC_WANT_IEC_60559_DFP_EXT__ 1
| #define __STDC_WANT_IEC_60559_EXT__ 1
| #define __STDC_WANT_IEC_60559_FUNCS_EXT__ 1
| #define __STDC_WANT_IEC_60559_TYPES_EXT__ 1
| #define __STDC_WANT_LIB_EXT2__ 1
| #define __STDC_WANT_MATH_SPEC_FUNCS__ 1
| #define _TANDEM_SOURCE 1
| #define __EXTENSIONS__ 1
| #define SIZEOF_TIME_T 8
| #define LIBBSD_SYS_TIME_BITS 64
| #define SIZEOF_TIME_T 8
| #define LIBBSD_SYS_HAS_TIME64 1
| #define LIBBSD_ABI_TIME64 0
| #define SIZEOF_OFF_T 8
| #define HAVE_DLFCN_H 1
| #define LT_OBJDIR ".libs/"
| #define HAVE_GETENTROPY 1
| #define HAVE_SYS_DIR_H 1
| #define HAVE_DIRENT_H 1
| #define HAVE_PWD_H 1
| #define HAVE_GRP_H 1
| #define HAVE_STDIO_EXT_H 1
| #define HAVE_TYPEOF 1
| /* end confdefs.h.  */
| #include <stddef.h>
| #ifdef HAVE_STDIO_H
| # include <stdio.h>
| #endif
| #ifdef HAVE_STDLIB_H
| # include <stdlib.h>
| #endif
| #ifdef HAVE_STRING_H
| # include <string.h>
| #endif
| #ifdef HAVE_INTTYPES_H
| # include <inttypes.h>
| #endif
| #ifdef HAVE_STDINT_H
| # include <stdint.h>
| #endif
| #ifdef HAVE_STRINGS_H
| # include <strings.h>
| #endif
| #ifdef HAVE_SYS_TYPES_H
| # include <sys/types.h>
| #endif
| #ifdef HAVE_SYS_STAT_H
| # include <sys/stat.h>
| #endif
| #ifdef HAVE_UNISTD_H
| # include <unistd.h>
| #endif
| int
| main (void)
| {
| if (sizeof ((off_t)))
| 	    return 0;
|   ;
|   return 0;
| }
configure:17950: result: yes
configure:17962: checking for pid_t
configure:17962: gcc -c -I/home/mearvk/IdeaProjects/Ubuntu.Determinant.Alpha.Restricted/userland/x11/_build/sysroot/usr/include  conftest.c >&5
configure:17962: $? = 0
configure:17962: gcc -c -I/home/mearvk/IdeaProjects/Ubuntu.Determinant.Alpha.Restricted/userland/x11/_build/sysroot/usr/include  conftest.c >&5
conftest.c: In function 'main':
conftest.c:86:20: error: expected expression before ')' token
   86 | if (sizeof ((pid_t)))
      |                    ^
configure:17962: $? = 1
configure: failed program was:
| /* confdefs.h */
| #define PACKAGE_NAME "libbsd"
| #define PACKAGE_TARNAME "libbsd"
| #define PACKAGE_VERSION "0.12.2"
| #define PACKAGE_STRING "libbsd 0.12.2"
| #define PACKAGE_BUGREPORT "libbsd@lists.freedesktop.org"
| #define PACKAGE_URL ""
| #define PACKAGE "libbsd"
| #define VERSION "0.12.2"
| #define HAVE_STDIO_H 1
| #define HAVE_STDLIB_H 1
| #define HAVE_STRING_H 1
| #define HAVE_INTTYPES_H 1
| #define HAVE_STDINT_H 1
| #define HAVE_STRINGS_H 1
| #define HAVE_SYS_STAT_H 1
| #define HAVE_SYS_TYPES_H 1
| #define HAVE_UNISTD_H 1
| #define HAVE_WCHAR_H 1
| #define STDC_HEADERS 1
| #define _ALL_SOURCE 1
| #define _DARWIN_C_SOURCE 1
| #define _GNU_SOURCE 1
| #define _HPUX_ALT_XOPEN_SOCKET_API 1
| #define _NETBSD_SOURCE 1
| #define _OPENBSD_SOURCE 1
| #define _POSIX_PTHREAD_SEMANTICS 1
| #define __STDC_WANT_IEC_60559_ATTRIBS_EXT__ 1
| #define __STDC_WANT_IEC_60559_BFP_EXT__ 1
| #define __STDC_WANT_IEC_60559_DFP_EXT__ 1
| #define __STDC_WANT_IEC_60559_EXT__ 1
| #define __STDC_WANT_IEC_60559_FUNCS_EXT__ 1
| #define __STDC_WANT_IEC_60559_TYPES_EXT__ 1
| #define __STDC_WANT_LIB_EXT2__ 1
| #define __STDC_WANT_MATH_SPEC_FUNCS__ 1
| #define _TANDEM_SOURCE 1
| #define __EXTENSIONS__ 1
| #define SIZEOF_TIME_T 8
| #define LIBBSD_SYS_TIME_BITS 64
| #define SIZEOF_TIME_T 8
| #define LIBBSD_SYS_HAS_TIME64 1
| #define LIBBSD_ABI_TIME64 0
| #define SIZEOF_OFF_T 8
| #define HAVE_DLFCN_H 1
| #define LT_OBJDIR ".libs/"
| #define HAVE_GETENTROPY 1
| #define HAVE_SYS_DIR_H 1
| #define HAVE_DIRENT_H 1
| #define HAVE_PWD_H 1
| #define HAVE_GRP_H 1
| #define HAVE_STDIO_EXT_H 1
| #define HAVE_TYPEOF 1
| /* end confdefs.h.  */
| #include <stddef.h>
| #ifdef HAVE_STDIO_H
| # include <stdio.h>
| #endif
| #ifdef HAVE_STDLIB_H
| # include <stdlib.h>
| #endif
| #ifdef HAVE_STRING_H
| # include <string.h>
| #endif
| #ifdef HAVE_INTTYPES_H
| # include <inttypes.h>
| #endif
| #ifdef HAVE_STDINT_H
| # include <stdint.h>
| #endif
| #ifdef HAVE_STRINGS_H
| # include <strings.h>
| #endif
| #ifdef HAVE_SYS_TYPES_H
| # include <sys/types.h>
| #endif
| #ifdef HAVE_SYS_STAT_H
| # include <sys/stat.h>
| #endif
| #ifdef HAVE_UNISTD_H
| # include <unistd.h>
| #endif
| 
| int
| main (void)
| {
| if (sizeof ((pid_t)))
| 	    return 0;
|   ;
|   return 0;
| }
configure:17962: result: yes
configure:18000: checking for uid_t
configure:18000: gcc -c -I/home/mearvk/IdeaProjects/Ubuntu.Determinant.Alpha.Restricted/userland/x11/_build/sysroot/usr/include  conftest.c >&5
configure:18000: $? = 0
configure:18000: gcc -c -I/home/mearvk/IdeaProjects/Ubuntu.Determinant.Alpha.Restricted/userland/x11/_build/sysroot/usr/include  conftest.c >&5
conftest.c: In function 'main':
conftest.c:85:20: error: expected expression before ')' token
   85 | if (sizeof ((uid_t)))
      |                    ^
configure:18000: $? = 1
configure: failed program was:
| /* confdefs.h */
| #define PACKAGE_NAME "libbsd"
| #define PACKAGE_TARNAME "libbsd"
| #define PACKAGE_VERSION "0.12.2"
| #define PACKAGE_STRING "libbsd 0.12.2"
| #define PACKAGE_BUGREPORT "libbsd@lists.freedesktop.org"
| #define PACKAGE_URL ""
| #define PACKAGE "libbsd"
| #define VERSION "0.12.2"
| #define HAVE_STDIO_H 1
| #define HAVE_STDLIB_H 1
| #define HAVE_STRING_H 1
| #define HAVE_INTTYPES_H 1
| #define HAVE_STDINT_H 1
| #define HAVE_STRINGS_H 1
| #define HAVE_SYS_STAT_H 1
| #define HAVE_SYS_TYPES_H 1
| #define HAVE_UNISTD_H 1
| #define HAVE_WCHAR_H 1
| #define STDC_HEADERS 1
| #define _ALL_SOURCE 1
| #define _DARWIN_C_SOURCE 1
| #define _GNU_SOURCE 1
| #define _HPUX_ALT_XOPEN_SOCKET_API 1
| #define _NETBSD_SOURCE 1
| #define _OPENBSD_SOURCE 1
| #define _POSIX_PTHREAD_SEMANTICS 1
| #define __STDC_WANT_IEC_60559_ATTRIBS_EXT__ 1
| #define __STDC_WANT_IEC_60559_BFP_EXT__ 1
| #define __STDC_WANT_IEC_60559_DFP_EXT__ 1
| #define __STDC_WANT_IEC_60559_EXT__ 1
| #define __STDC_WANT_IEC_60559_FUNCS_EXT__ 1
| #define __STDC_WANT_IEC_60559_TYPES_EXT__ 1
| #define __STDC_WANT_LIB_EXT2__ 1
| #define __STDC_WANT_MATH_SPEC_FUNCS__ 1
| #define _TANDEM_SOURCE 1
| #define __EXTENSIONS__ 1
| #define SIZEOF_TIME_T 8
| #define LIBBSD_SYS_TIME_BITS 64
| #define SIZEOF_TIME_T 8
| #define LIBBSD_SYS_HAS_TIME64 1
| #define LIBBSD_ABI_TIME64 0
| #define SIZEOF_OFF_T 8
| #define HAVE_DLFCN_H 1
| #define LT_OBJDIR ".libs/"
| #define HAVE_GETENTROPY 1
| #define HAVE_SYS_DIR_H 1
| #define HAVE_DIRENT_H 1
| #define HAVE_PWD_H 1
| #define HAVE_GRP_H 1
| #define HAVE_STDIO_EXT_H 1
| #define HAVE_TYPEOF 1
| /* end confdefs.h.  */
| #include <stddef.h>
| #ifdef HAVE_STDIO_H
| # include <stdio.h>
| #endif
| #ifdef HAVE_STDLIB_H
| # include <stdlib.h>
| #endif
| #ifdef HAVE_STRING_H
| # include <string.h>
| #endif
| #ifdef HAVE_INTTYPES_H
| # include <inttypes.h>
| #endif
| #ifdef HAVE_STDINT_H
| # include <stdint.h>
| #endif
| #ifdef HAVE_STRINGS_H
| # include <strings.h>
| #endif
| #ifdef HAVE_SYS_TYPES_H
| # include <sys/types.h>
| #endif
| #ifdef HAVE_SYS_STAT_H
| # include <sys/stat.h>
| #endif
| #ifdef HAVE_UNISTD_H
| # include <unistd.h>
| #endif
| int
| main (void)
| {
| if (sizeof ((uid_t)))
| 	    return 0;
|   ;
|   return 0;
| }
configure:18000: result: yes
configure:18011: checking for gid_t
configure:18011: gcc -c -I/home/mearvk/IdeaProjects/Ubuntu.Determinant.Alpha.Restricted/userland/x11/_build/sysroot/usr/include  conftest.c >&5
configure:18011: $? = 0
configure:18011: gcc -c -I/home/mearvk/IdeaProjects/Ubuntu.Determinant.Alpha.Restricted/userland/x11/_build/sysroot/usr/include  conftest.c >&5
conftest.c: In function 'main':
conftest.c:85:20: error: expected expression before ')' token
   85 | if (sizeof ((gid_t)))
      |                    ^
configure:18011: $? = 1
configure: failed program was:
| /* confdefs.h */
| #define PACKAGE_NAME "libbsd"
| #define PACKAGE_TARNAME "libbsd"
| #define PACKAGE_VERSION "0.12.2"
| #define PACKAGE_STRING "libbsd 0.12.2"
| #define PACKAGE_BUGREPORT "libbsd@lists.freedesktop.org"
| #define PACKAGE_URL ""
| #define PACKAGE "libbsd"
| #define VERSION "0.12.2"
| #define HAVE_STDIO_H 1
| #define HAVE_STDLIB_H 1
| #define HAVE_STRING_H 1
| #define HAVE_INTTYPES_H 1
| #define HAVE_STDINT_H 1
| #define HAVE_STRINGS_H 1
| #define HAVE_SYS_STAT_H 1
| #define HAVE_SYS_TYPES_H 1
| #define HAVE_UNISTD_H 1
| #define HAVE_WCHAR_H 1
| #define STDC_HEADERS 1
| #define _ALL_SOURCE 1
| #define _DARWIN_C_SOURCE 1
| #define _GNU_SOURCE 1
| #define _HPUX_ALT_XOPEN_SOCKET_API 1
| #define _NETBSD_SOURCE 1
| #define _OPENBSD_SOURCE 1
| #define _POSIX_PTHREAD_SEMANTICS 1
| #define __STDC_WANT_IEC_60559_ATTRIBS_EXT__ 1
| #define __STDC_WANT_IEC_60559_BFP_EXT__ 1
| #define __STDC_WANT_IEC_60559_DFP_EXT__ 1
| #define __STDC_WANT_IEC_60559_EXT__ 1
| #define __STDC_WANT_IEC_60559_FUNCS_EXT__ 1
| #define __STDC_WANT_IEC_60559_TYPES_EXT__ 1
| #define __STDC_WANT_LIB_EXT2__ 1
| #define __STDC_WANT_MATH_SPEC_FUNCS__ 1
| #define _TANDEM_SOURCE 1
| #define __EXTENSIONS__ 1
| #define SIZEOF_TIME_T 8
| #define LIBBSD_SYS_TIME_BITS 64
| #define SIZEOF_TIME_T 8
| #define LIBBSD_SYS_HAS_TIME64 1
| #define LIBBSD_ABI_TIME64 0
| #define SIZEOF_OFF_T 8
| #define HAVE_DLFCN_H 1
| #define LT_OBJDIR ".libs/"
| #define HAVE_GETENTROPY 1
| #define HAVE_SYS_DIR_H 1
| #define HAVE_DIRENT_H 1
| #define HAVE_PWD_H 1
| #define HAVE_GRP_H 1
| #define HAVE_STDIO_EXT_H 1
| #define HAVE_TYPEOF 1
| /* end confdefs.h.  */
| #include <stddef.h>
| #ifdef HAVE_STDIO_H
| # include <stdio.h>
| #endif
| #ifdef HAVE_STDLIB_H
| # include <stdlib.h>
| #endif
| #ifdef HAVE_STRING_H
| # include <string.h>
| #endif
| #ifdef HAVE_INTTYPES_H
| # include <inttypes.h>
| #endif
| #ifdef HAVE_STDINT_H
| # include <stdint.h>
| #endif
| #ifdef HAVE_STRINGS_H
| # include <strings.h>
| #endif
| #ifdef HAVE_SYS_TYPES_H
| # include <sys/types.h>
| #endif
| #ifdef HAVE_SYS_STAT_H
| # include <sys/stat.h>
| #endif
| #ifdef HAVE_UNISTD_H
| # include <unistd.h>
| #endif
| int
| main (void)
| {
| if (sizeof ((gid_t)))
| 	    return 0;
|   ;
|   return 0;
| }
configure:18011: result: yes
configure:18022: checking for size_t
configure:18022: gcc -c -I/home/mearvk/IdeaProjects/Ubuntu.Determinant.Alpha.Restricted/userland/x11/_build/sysroot/usr/include  conftest.c >&5
configure:18022: $? = 0
configure:18022: gcc -c -I/home/mearvk/IdeaProjects/Ubuntu.Determinant.Alpha.Restricted/userland/x11/_build/sysroot/usr/include  conftest.c >&5
conftest.c: In function 'main':
conftest.c:85:21: error: expected expression before ')' token
   85 | if (sizeof ((size_t)))
      |                     ^
configure:18022: $? = 1
configure: failed program was:
| /* confdefs.h */
| #define PACKAGE_NAME "libbsd"
| #define PACKAGE_TARNAME "libbsd"
| #define PACKAGE_VERSION "0.12.2"
| #define PACKAGE_STRING "libbsd 0.12.2"
| #define PACKAGE_BUGREPORT "libbsd@lists.freedesktop.org"
| #define PACKAGE_URL ""
| #define PACKAGE "libbsd"
| #define VERSION "0.12.2"
| #define HAVE_STDIO_H 1
| #define HAVE_STDLIB_H 1
| #define HAVE_STRING_H 1
| #define HAVE_INTTYPES_H 1
| #define HAVE_STDINT_H 1
| #define HAVE_STRINGS_H 1
| #define HAVE_SYS_STAT_H 1
| #define HAVE_SYS_TYPES_H 1
| #define HAVE_UNISTD_H 1
| #define HAVE_WCHAR_H 1
| #define STDC_HEADERS 1
| #define _ALL_SOURCE 1
| #define _DARWIN_C_SOURCE 1
| #define _GNU_SOURCE 1
| #define _HPUX_ALT_XOPEN_SOCKET_API 1
| #define _NETBSD_SOURCE 1
| #define _OPENBSD_SOURCE 1
| #define _POSIX_PTHREAD_SEMANTICS 1
| #define __STDC_WANT_IEC_60559_ATTRIBS_EXT__ 1
| #define __STDC_WANT_IEC_60559_BFP_EXT__ 1
| #define __STDC_WANT_IEC_60559_DFP_EXT__ 1
| #define __STDC_WANT_IEC_60559_EXT__ 1
| #define __STDC_WANT_IEC_60559_FUNCS_EXT__ 1
| #define __STDC_WANT_IEC_60559_TYPES_EXT__ 1
| #define __STDC_WANT_LIB_EXT2__ 1
| #define __STDC_WANT_MATH_SPEC_FUNCS__ 1
| #define _TANDEM_SOURCE 1
| #define __EXTENSIONS__ 1
| #define SIZEOF_TIME_T 8
| #define LIBBSD_SYS_TIME_BITS 64
| #define SIZEOF_TIME_T 8
| #define LIBBSD_SYS_HAS_TIME64 1
| #define LIBBSD_ABI_TIME64 0
| #define SIZEOF_OFF_T 8
| #define HAVE_DLFCN_H 1
| #define LT_OBJDIR ".libs/"
| #define HAVE_GETENTROPY 1
| #define HAVE_SYS_DIR_H 1
| #define HAVE_DIRENT_H 1
| #define HAVE_PWD_H 1
| #define HAVE_GRP_H 1
| #define HAVE_STDIO_EXT_H 1
| #define HAVE_TYPEOF 1
| /* end confdefs.h.  */
| #include <stddef.h>
| #ifdef HAVE_STDIO_H
| # include <stdio.h>
| #endif
| #ifdef HAVE_STDLIB_H
| # include <stdlib.h>
| #endif
| #ifdef HAVE_STRING_H
| # include <string.h>
| #endif
| #ifdef HAVE_INTTYPES_H
| # include <inttypes.h>
| #endif
| #ifdef HAVE_STDINT_H
| # include <stdint.h>
| #endif
| #ifdef HAVE_STRINGS_H
| # include <strings.h>
| #endif
| #ifdef HAVE_SYS_TYPES_H
| # include <sys/types.h>
| #endif
| #ifdef HAVE_SYS_STAT_H
| # include <sys/stat.h>
| #endif
| #ifdef HAVE_UNISTD_H
| # include <unistd.h>
| #endif
| int
| main (void)
| {
| if (sizeof ((size_t)))
| 	    return 0;
|   ;
|   return 0;
| }
configure:18022: result: yes
configure:18033: checking for ssize_t
configure:18033: gcc -c -I/home/mearvk/IdeaProjects/Ubuntu.Determinant.Alpha.Restricted/userland/x11/_build/sysroot/usr/include  conftest.c >&5
configure:18033: $? = 0
configure:18033: gcc -c -I/home/mearvk/IdeaProjects/Ubuntu.Determinant.Alpha.Restricted/userland/x11/_build/sysroot/usr/include  conftest.c >&5
conftest.c: In function 'main':
conftest.c:85:22: error: expected expression before ')' token
   85 | if (sizeof ((ssize_t)))
      |                      ^
configure:18033: $? = 1
configure: failed program was:
| /* confdefs.h */
| #define PACKAGE_NAME "libbsd"
| #define PACKAGE_TARNAME "libbsd"
| #define PACKAGE_VERSION "0.12.2"
| #define PACKAGE_STRING "libbsd 0.12.2"
| #define PACKAGE_BUGREPORT "libbsd@lists.freedesktop.org"
| #define PACKAGE_URL ""
| #define PACKAGE "libbsd"
| #define VERSION "0.12.2"
| #define HAVE_STDIO_H 1
| #define HAVE_STDLIB_H 1
| #define HAVE_STRING_H 1
| #define HAVE_INTTYPES_H 1
| #define HAVE_STDINT_H 1
| #define HAVE_STRINGS_H 1
| #define HAVE_SYS_STAT_H 1
| #define HAVE_SYS_TYPES_H 1
| #define HAVE_UNISTD_H 1
| #define HAVE_WCHAR_H 1
| #define STDC_HEADERS 1
| #define _ALL_SOURCE 1
| #define _DARWIN_C_SOURCE 1
| #define _GNU_SOURCE 1
| #define _HPUX_ALT_XOPEN_SOCKET_API 1
| #define _NETBSD_SOURCE 1
| #define _OPENBSD_SOURCE 1
| #define _POSIX_PTHREAD_SEMANTICS 1
| #define __STDC_WANT_IEC_60559_ATTRIBS_EXT__ 1
| #define __STDC_WANT_IEC_60559_BFP_EXT__ 1
| #define __STDC_WANT_IEC_60559_DFP_EXT__ 1
| #define __STDC_WANT_IEC_60559_EXT__ 1
| #define __STDC_WANT_IEC_60559_FUNCS_EXT__ 1
| #define __STDC_WANT_IEC_60559_TYPES_EXT__ 1
| #define __STDC_WANT_LIB_EXT2__ 1
| #define __STDC_WANT_MATH_SPEC_FUNCS__ 1
| #define _TANDEM_SOURCE 1
| #define __EXTENSIONS__ 1
| #define SIZEOF_TIME_T 8
| #define LIBBSD_SYS_TIME_BITS 64
| #define SIZEOF_TIME_T 8
| #define LIBBSD_SYS_HAS_TIME64 1
| #define LIBBSD_ABI_TIME64 0
| #define SIZEOF_OFF_T 8
| #define HAVE_DLFCN_H 1
| #define LT_OBJDIR ".libs/"
| #define HAVE_GETENTROPY 1
| #define HAVE_SYS_DIR_H 1
| #define HAVE_DIRENT_H 1
| #define HAVE_PWD_H 1
| #define HAVE_GRP_H 1
| #define HAVE_STDIO_EXT_H 1
| #define HAVE_TYPEOF 1
| /* end confdefs.h.  */
| #include <stddef.h>
| #ifdef HAVE_STDIO_H
| # include <stdio.h>
| #endif
| #ifdef HAVE_STDLIB_H
| # include <stdlib.h>
| #endif
| #ifdef HAVE_STRING_H
| # include <string.h>
| #endif
| #ifdef HAVE_INTTYPES_H
| # include <inttypes.h>
| #endif
| #ifdef HAVE_STDINT_H
| # include <stdint.h>
| #endif
| #ifdef HAVE_STRINGS_H
| # include <strings.h>
| #endif
| #ifdef HAVE_SYS_TYPES_H
| # include <sys/types.h>
| #endif
| #ifdef HAVE_SYS_STAT_H
| # include <sys/stat.h>
| #endif
| #ifdef HAVE_UNISTD_H
| # include <unistd.h>
| #endif
| int
| main (void)
| {
| if (sizeof ((ssize_t)))
| 	    return 0;
|   ;
|   return 0;
| }
configure:18033: result: yes
configure:18045: checking for gcc options needed to detect all undeclared functions
configure:18067: gcc -c -I/home/mearvk/IdeaProjects/Ubuntu.Determinant.Alpha.Restricted/userland/x11/_build/sysroot/usr/include   conftest.c >&5
conftest.c: In function 'main':
conftest.c:58:8: error: 'strchr' undeclared (first use in this function)
   58 | (void) strchr;
      |        ^~~~~~
conftest.c:1:1: note: 'strchr' is defined in header '<string.h>'; did you forget to '#include <string.h>'?
    1 | /* confdefs.h */
conftest.c:58:8: note: each undeclared identifier is reported only once for each function it appears in
   58 | (void) strchr;
      |        ^~~~~~
configure:18067: $? = 1
configure: failed program was:
| /* confdefs.h */
| #define PACKAGE_NAME "libbsd"
| #define PACKAGE_TARNAME "libbsd"
| #define PACKAGE_VERSION "0.12.2"
| #define PACKAGE_STRING "libbsd 0.12.2"
| #define PACKAGE_BUGREPORT "libbsd@lists.freedesktop.org"
| #define PACKAGE_URL ""
| #define PACKAGE "libbsd"
| #define VERSION "0.12.2"
| #define HAVE_STDIO_H 1
| #define HAVE_STDLIB_H 1
| #define HAVE_STRING_H 1
| #define HAVE_INTTYPES_H 1
| #define HAVE_STDINT_H 1
| #define HAVE_STRINGS_H 1
| #define HAVE_SYS_STAT_H 1
| #define HAVE_SYS_TYPES_H 1
| #define HAVE_UNISTD_H 1
| #define HAVE_WCHAR_H 1
| #define STDC_HEADERS 1
| #define _ALL_SOURCE 1
| #define _DARWIN_C_SOURCE 1
| #define _GNU_SOURCE 1
| #define _HPUX_ALT_XOPEN_SOCKET_API 1
| #define _NETBSD_SOURCE 1
| #define _OPENBSD_SOURCE 1
| #define _POSIX_PTHREAD_SEMANTICS 1
| #define __STDC_WANT_IEC_60559_ATTRIBS_EXT__ 1
| #define __STDC_WANT_IEC_60559_BFP_EXT__ 1
| #define __STDC_WANT_IEC_60559_DFP_EXT__ 1
| #define __STDC_WANT_IEC_60559_EXT__ 1
| #define __STDC_WANT_IEC_60559_FUNCS_EXT__ 1
| #define __STDC_WANT_IEC_60559_TYPES_EXT__ 1
| #define __STDC_WANT_LIB_EXT2__ 1
| #define __STDC_WANT_MATH_SPEC_FUNCS__ 1
| #define _TANDEM_SOURCE 1
| #define __EXTENSIONS__ 1
| #define SIZEOF_TIME_T 8
| #define LIBBSD_SYS_TIME_BITS 64
| #define SIZEOF_TIME_T 8
| #define LIBBSD_SYS_HAS_TIME64 1
| #define LIBBSD_ABI_TIME64 0
| #define SIZEOF_OFF_T 8
| #define HAVE_DLFCN_H 1
| #define LT_OBJDIR ".libs/"
| #define HAVE_GETENTROPY 1
| #define HAVE_SYS_DIR_H 1
| #define HAVE_DIRENT_H 1
| #define HAVE_PWD_H 1
| #define HAVE_GRP_H 1
| #define HAVE_STDIO_EXT_H 1
| #define HAVE_TYPEOF 1
| /* end confdefs.h.  */
| 
| int
| main (void)
| {
| (void) strchr;
|   ;
|   return 0;
| }
configure:18094: gcc -c -I/home/mearvk/IdeaProjects/Ubuntu.Determinant.Alpha.Restricted/userland/x11/_build/sysroot/usr/include   conftest.c >&5
configure:18094: $? = 0
configure:18114: result: none needed
configure:18128: checking whether F_CLOSEM is declared
configure:18128: gcc -c -I/home/mearvk/IdeaProjects/Ubuntu.Determinant.Alpha.Restricted/userland/x11/_build/sysroot/usr/include   conftest.c >&5
conftest.c: In function 'main':
conftest.c:66:10: error: 'F_CLOSEM' undeclared (first use in this function)
   66 |   (void) F_CLOSEM;
      |          ^~~~~~~~
conftest.c:66:10: note: each undeclared identifier is reported only once for each function it appears in
configure:18128: $? = 1
configure: failed program was:
| /* confdefs.h */
| #define PACKAGE_NAME "libbsd"
| #define PACKAGE_TARNAME "libbsd"
| #define PACKAGE_VERSION "0.12.2"
| #define PACKAGE_STRING "libbsd 0.12.2"
| #define PACKAGE_BUGREPORT "libbsd@lists.freedesktop.org"
| #define PACKAGE_URL ""
| #define PACKAGE "libbsd"
| #define VERSION "0.12.2"
| #define HAVE_STDIO_H 1
| #define HAVE_STDLIB_H 1
| #define HAVE_STRING_H 1
| #define HAVE_INTTYPES_H 1
| #define HAVE_STDINT_H 1
| #define HAVE_STRINGS_H 1
| #define HAVE_SYS_STAT_H 1
| #define HAVE_SYS_TYPES_H 1
| #define HAVE_UNISTD_H 1
| #define HAVE_WCHAR_H 1
| #define STDC_HEADERS 1
| #define _ALL_SOURCE 1
| #define _DARWIN_C_SOURCE 1
| #define _GNU_SOURCE 1
| #define _HPUX_ALT_XOPEN_SOCKET_API 1
| #define _NETBSD_SOURCE 1
| #define _OPENBSD_SOURCE 1
| #define _POSIX_PTHREAD_SEMANTICS 1
| #define __STDC_WANT_IEC_60559_ATTRIBS_EXT__ 1
| #define __STDC_WANT_IEC_60559_BFP_EXT__ 1
| #define __STDC_WANT_IEC_60559_DFP_EXT__ 1
| #define __STDC_WANT_IEC_60559_EXT__ 1
| #define __STDC_WANT_IEC_60559_FUNCS_EXT__ 1
| #define __STDC_WANT_IEC_60559_TYPES_EXT__ 1
| #define __STDC_WANT_LIB_EXT2__ 1
| #define __STDC_WANT_MATH_SPEC_FUNCS__ 1
| #define _TANDEM_SOURCE 1
| #define __EXTENSIONS__ 1
| #define SIZEOF_TIME_T 8
| #define LIBBSD_SYS_TIME_BITS 64
| #define SIZEOF_TIME_T 8
| #define LIBBSD_SYS_HAS_TIME64 1
| #define LIBBSD_ABI_TIME64 0
| #define SIZEOF_OFF_T 8
| #define HAVE_DLFCN_H 1
| #define LT_OBJDIR ".libs/"
| #define HAVE_GETENTROPY 1
| #define HAVE_SYS_DIR_H 1
| #define HAVE_DIRENT_H 1
| #define HAVE_PWD_H 1
| #define HAVE_GRP_H 1
| #define HAVE_STDIO_EXT_H 1
| #define HAVE_TYPEOF 1
| /* end confdefs.h.  */
| 
| #include <limits.h>
| #include <fcntl.h>
| 
| 
| int
| main (void)
| {
| #ifndef F_CLOSEM
| #ifdef __cplusplus
|   (void) F_CLOSEM;
| #else
|   (void) F_CLOSEM;
| #endif
| #endif
| 
|   ;
|   return 0;
| }
configure:18128: result: no
configure:18142: checking whether environ is declared
configure:18142: gcc -c -I/home/mearvk/IdeaProjects/Ubuntu.Determinant.Alpha.Restricted/userland/x11/_build/sysroot/usr/include   conftest.c >&5
configure:18142: $? = 0
configure:18142: result: yes
configure:18161: checking how to run the C preprocessor
configure:18187: gcc -E  conftest.c
configure:18187: $? = 0
configure:18203: gcc -E  conftest.c
conftest.c:55:10: fatal error: ac_nonexistent.h: No such file or directory
   55 | #include <ac_nonexistent.h>
      |          ^~~~~~~~~~~~~~~~~~
compilation terminated.
configure:18203: $? = 1
configure: failed program was:
| /* confdefs.h */
| #define PACKAGE_NAME "libbsd"
| #define PACKAGE_TARNAME "libbsd"
| #define PACKAGE_VERSION "0.12.2"
| #define PACKAGE_STRING "libbsd 0.12.2"
| #define PACKAGE_BUGREPORT "libbsd@lists.freedesktop.org"
| #define PACKAGE_URL ""
| #define PACKAGE "libbsd"
| #define VERSION "0.12.2"
| #define HAVE_STDIO_H 1
| #define HAVE_STDLIB_H 1
| #define HAVE_STRING_H 1
| #define HAVE_INTTYPES_H 1
| #define HAVE_STDINT_H 1
| #define HAVE_STRINGS_H 1
| #define HAVE_SYS_STAT_H 1
| #define HAVE_SYS_TYPES_H 1
| #define HAVE_UNISTD_H 1
| #define HAVE_WCHAR_H 1
| #define STDC_HEADERS 1
| #define _ALL_SOURCE 1
| #define _DARWIN_C_SOURCE 1
| #define _GNU_SOURCE 1
| #define _HPUX_ALT_XOPEN_SOCKET_API 1
| #define _NETBSD_SOURCE 1
| #define _OPENBSD_SOURCE 1
| #define _POSIX_PTHREAD_SEMANTICS 1
| #define __STDC_WANT_IEC_60559_ATTRIBS_EXT__ 1
| #define __STDC_WANT_IEC_60559_BFP_EXT__ 1
| #define __STDC_WANT_IEC_60559_DFP_EXT__ 1
| #define __STDC_WANT_IEC_60559_EXT__ 1
| #define __STDC_WANT_IEC_60559_FUNCS_EXT__ 1
| #define __STDC_WANT_IEC_60559_TYPES_EXT__ 1
| #define __STDC_WANT_LIB_EXT2__ 1
| #define __STDC_WANT_MATH_SPEC_FUNCS__ 1
| #define _TANDEM_SOURCE 1
| #define __EXTENSIONS__ 1
| #define SIZEOF_TIME_T 8
| #define LIBBSD_SYS_TIME_BITS 64
| #define SIZEOF_TIME_T 8
| #define LIBBSD_SYS_HAS_TIME64 1
| #define LIBBSD_ABI_TIME64 0
| #define SIZEOF_OFF_T 8
| #define HAVE_DLFCN_H 1
| #define LT_OBJDIR ".libs/"
| #define HAVE_GETENTROPY 1
| #define HAVE_SYS_DIR_H 1
| #define HAVE_DIRENT_H 1
| #define HAVE_PWD_H 1
| #define HAVE_GRP_H 1
| #define HAVE_STDIO_EXT_H 1
| #define HAVE_TYPEOF 1
| #define HAVE_DECL_ENVIRON 1
| /* end confdefs.h.  */
| #include <ac_nonexistent.h>
configure:18232: result: gcc -E
configure:18246: gcc -E  conftest.c
configure:18246: $? = 0
configure:18262: gcc -E  conftest.c
conftest.c:55:10: fatal error: ac_nonexistent.h: No such file or directory
   55 | #include <ac_nonexistent.h>
      |          ^~~~~~~~~~~~~~~~~~
compilation terminated.
configure:18262: $? = 1
configure: failed program was:
| /* confdefs.h */
| #define PACKAGE_NAME "libbsd"
| #define PACKAGE_TARNAME "libbsd"
| #define PACKAGE_VERSION "0.12.2"
| #define PACKAGE_STRING "libbsd 0.12.2"
| #define PACKAGE_BUGREPORT "libbsd@lists.freedesktop.org"
| #define PACKAGE_URL ""
| #define PACKAGE "libbsd"
| #define VERSION "0.12.2"
| #define HAVE_STDIO_H 1
| #define HAVE_STDLIB_H 1
| #define HAVE_STRING_H 1
| #define HAVE_INTTYPES_H 1
| #define HAVE_STDINT_H 1
| #define HAVE_STRINGS_H 1
| #define HAVE_SYS_STAT_H 1
| #define HAVE_SYS_TYPES_H 1
| #define HAVE_UNISTD_H 1
| #define HAVE_WCHAR_H 1
| #define STDC_HEADERS 1
| #define _ALL_SOURCE 1
| #define _DARWIN_C_SOURCE 1
| #define _GNU_SOURCE 1
| #define _HPUX_ALT_XOPEN_SOCKET_API 1
| #define _NETBSD_SOURCE 1
| #define _OPENBSD_SOURCE 1
| #define _POSIX_PTHREAD_SEMANTICS 1
| #define __STDC_WANT_IEC_60559_ATTRIBS_EXT__ 1
| #define __STDC_WANT_IEC_60559_BFP_EXT__ 1
| #define __STDC_WANT_IEC_60559_DFP_EXT__ 1
| #define __STDC_WANT_IEC_60559_EXT__ 1
| #define __STDC_WANT_IEC_60559_FUNCS_EXT__ 1
| #define __STDC_WANT_IEC_60559_TYPES_EXT__ 1
| #define __STDC_WANT_LIB_EXT2__ 1
| #define __STDC_WANT_MATH_SPEC_FUNCS__ 1
| #define _TANDEM_SOURCE 1
| #define __EXTENSIONS__ 1
| #define SIZEOF_TIME_T 8
| #define LIBBSD_SYS_TIME_BITS 64
| #define SIZEOF_TIME_T 8
| #define LIBBSD_SYS_HAS_TIME64 1
| #define LIBBSD_ABI_TIME64 0
| #define SIZEOF_OFF_T 8
| #define HAVE_DLFCN_H 1
| #define LT_OBJDIR ".libs/"
| #define HAVE_GETENTROPY 1
| #define HAVE_SYS_DIR_H 1
| #define HAVE_DIRENT_H 1
| #define HAVE_PWD_H 1
| #define HAVE_GRP_H 1
| #define HAVE_STDIO_EXT_H 1
| #define HAVE_TYPEOF 1
| #define HAVE_DECL_ENVIRON 1
| /* end confdefs.h.  */
| #include <ac_nonexistent.h>
configure:18296: checking for GNU .init_array section support
configure:18355: gcc -o conftest -I/home/mearvk/IdeaProjects/Ubuntu.Determinant.Alpha.Restricted/userland/x11/_build/sysroot/usr/include  -L/home/mearvk/IdeaProjects/Ubuntu.Determinant.Alpha.Restricted/userland/x11/_build/sysroot/usr/lib -Wl,-rpath-link,/home/mearvk/IdeaProjects/Ubuntu.Determinant.Alpha.Restricted/userland/x11/_build/sysroot/usr/lib conftest.c  >&5
configure:18355: $? = 0
configure:18355: ./conftest
configure:18355: $? = 0
configure:18374: result: yes
configure:18388: checking for program_invocation_short_name
configure:18407: gcc -o conftest -I/home/mearvk/IdeaProjects/Ubuntu.Determinant.Alpha.Restricted/userland/x11/_build/sysroot/usr/include  -L/home/mearvk/IdeaProjects/Ubuntu.Determinant.Alpha.Restricted/userland/x11/_build/sysroot/usr/lib -Wl,-rpath-link,/home/mearvk/IdeaProjects/Ubuntu.Determinant.Alpha.Restricted/userland/x11/_build/sysroot/usr/lib conftest.c  >&5
configure:18407: $? = 0
configure:18413: result: yes
configure:18426: checking for __progname
configure:18446: gcc -o conftest -I/home/mearvk/IdeaProjects/Ubuntu.Determinant.Alpha.Restricted/userland/x11/_build/sysroot/usr/include  -L/home/mearvk/IdeaProjects/Ubuntu.Determinant.Alpha.Restricted/userland/x11/_build/sysroot/usr/lib -Wl,-rpath-link,/home/mearvk/IdeaProjects/Ubuntu.Determinant.Alpha.Restricted/userland/x11/_build/sysroot/usr/lib conftest.c  >&5
configure:18446: $? = 0
configure:18452: result: yes
configure:18466: checking for __register_atfork
configure:18487: gcc -o conftest -I/home/mearvk/IdeaProjects/Ubuntu.Determinant.Alpha.Restricted/userland/x11/_build/sysroot/usr/include  -L/home/mearvk/IdeaProjects/Ubuntu.Determinant.Alpha.Restricted/userland/x11/_build/sysroot/usr/lib -Wl,-rpath-link,/home/mearvk/IdeaProjects/Ubuntu.Determinant.Alpha.Restricted/userland/x11/_build/sysroot/usr/lib conftest.c  >&5
configure:18487: $? = 0
configure:18493: result: yes
configure:18508: checking for vasprintf
configure:18508: gcc -o conftest -I/home/mearvk/IdeaProjects/Ubuntu.Determinant.Alpha.Restricted/userland/x11/_build/sysroot/usr/include  -L/home/mearvk/IdeaProjects/Ubuntu.Determinant.Alpha.Restricted/userland/x11/_build/sysroot/usr/lib -Wl,-rpath-link,/home/mearvk/IdeaProjects/Ubuntu.Determinant.Alpha.Restricted/userland/x11/_build/sysroot/usr/lib conftest.c  >&5
configure:18508: $? = 0
configure:18508: result: yes
configure:18514: checking for asprintf
configure:18514: gcc -o conftest -I/home/mearvk/IdeaProjects/Ubuntu.Determinant.Alpha.Restricted/userland/x11/_build/sysroot/usr/include  -L/home/mearvk/IdeaProjects/Ubuntu.Determinant.Alpha.Restricted/userland/x11/_build/sysroot/usr/lib -Wl,-rpath-link,/home/mearvk/IdeaProjects/Ubuntu.Determinant.Alpha.Restricted/userland/x11/_build/sysroot/usr/lib conftest.c  >&5
configure:18514: $? = 0
configure:18514: result: yes
configure:18520: checking for clearenv
configure:18520: gcc -o conftest -I/home/mearvk/IdeaProjects/Ubuntu.Determinant.Alpha.Restricted/userland/x11/_build/sysroot/usr/include  -L/home/mearvk/IdeaProjects/Ubuntu.Determinant.Alpha.Restricted/userland/x11/_build/sysroot/usr/lib -Wl,-rpath-link,/home/mearvk/IdeaProjects/Ubuntu.Determinant.Alpha.Restricted/userland/x11/_build/sysroot/usr/lib conftest.c  >&5
configure:18520: $? = 0
configure:18520: result: yes
configure:18526: checking for dirfd
configure:18526: gcc -o conftest -I/home/mearvk/IdeaProjects/Ubuntu.Determinant.Alpha.Restricted/userland/x11/_build/sysroot/usr/include  -L/home/mearvk/IdeaProjects/Ubuntu.Determinant.Alpha.Restricted/userland/x11/_build/sysroot/usr/lib -Wl,-rpath-link,/home/mearvk/IdeaProjects/Ubuntu.Determinant.Alpha.Restricted/userland/x11/_build/sysroot/usr/lib conftest.c  >&5
configure:18526: $? = 0
configure:18526: result: yes
configure:18532: checking for flock
configure:18532: gcc -o conftest -I/home/mearvk/IdeaProjects/Ubuntu.Determinant.Alpha.Restricted/userland/x11/_build/sysroot/usr/include  -L/home/mearvk/IdeaProjects/Ubuntu.Determinant.Alpha.Restricted/userland/x11/_build/sysroot/usr/lib -Wl,-rpath-link,/home/mearvk/IdeaProjects/Ubuntu.Determinant.Alpha.Restricted/userland/x11/_build/sysroot/usr/lib conftest.c  >&5
configure:18532: $? = 0
configure:18532: result: yes
configure:18538: checking for fopencookie
configure:18538: gcc -o conftest -I/home/mearvk/IdeaProjects/Ubuntu.Determinant.Alpha.Restricted/userland/x11/_build/sysroot/usr/include  -L/home/mearvk/IdeaProjects/Ubuntu.Determinant.Alpha.Restricted/userland/x11/_build/sysroot/usr/lib -Wl,-rpath-link,/home/mearvk/IdeaProjects/Ubuntu.Determinant.Alpha.Restricted/userland/x11/_build/sysroot/usr/lib conftest.c  >&5
configure:18538: $? = 0
configure:18538: result: yes
configure:18544: checking for __fpurge
configure:18544: gcc -o conftest -I/home/mearvk/IdeaProjects/Ubuntu.Determinant.Alpha.Restricted/userland/x11/_build/sysroot/usr/include  -L/home/mearvk/IdeaProjects/Ubuntu.Determinant.Alpha.Restricted/userland/x11/_build/sysroot/usr/lib -Wl,-rpath-link,/home/mearvk/IdeaProjects/Ubuntu.Determinant.Alpha.Restricted/userland/x11/_build/sysroot/usr/lib conftest.c  >&5
configure:18544: $? = 0
configure:18544: result: yes
configure:18550: checking for funopen
configure:18550: gcc -o conftest -I/home/mearvk/IdeaProjects/Ubuntu.Determinant.Alpha.Restricted/userland/x11/_build/sysroot/usr/include  -L/home/mearvk/IdeaProjects/Ubuntu.Determinant.Alpha.Restricted/userland/x11/_build/sysroot/usr/lib -Wl,-rpath-link,/home/mearvk/IdeaProjects/Ubuntu.Determinant.Alpha.Restricted/userland/x11/_build/sysroot/usr/lib conftest.c  >&5
/usr/bin/ld: /tmp/ccodgeBk.o: in function `main':
conftest.c:(.text+0x9): undefined reference to `funopen'
collect2: error: ld returned 1 exit status
configure:18550: $? = 1
configure: failed program was:
| /* confdefs.h */
| #define PACKAGE_NAME "libbsd"
| #define PACKAGE_TARNAME "libbsd"
| #define PACKAGE_VERSION "0.12.2"
| #define PACKAGE_STRING "libbsd 0.12.2"
| #define PACKAGE_BUGREPORT "libbsd@lists.freedesktop.org"
| #define PACKAGE_URL ""
| #define PACKAGE "libbsd"
| #define VERSION "0.12.2"
| #define HAVE_STDIO_H 1
| #define HAVE_STDLIB_H 1
| #define HAVE_STRING_H 1
| #define HAVE_INTTYPES_H 1
| #define HAVE_STDINT_H 1
| #define HAVE_STRINGS_H 1
| #define HAVE_SYS_STAT_H 1
| #define HAVE_SYS_TYPES_H 1
| #define HAVE_UNISTD_H 1
| #define HAVE_WCHAR_H 1
| #define STDC_HEADERS 1
| #define _ALL_SOURCE 1
| #define _DARWIN_C_SOURCE 1
| #define _GNU_SOURCE 1
| #define _HPUX_ALT_XOPEN_SOCKET_API 1
| #define _NETBSD_SOURCE 1
| #define _OPENBSD_SOURCE 1
| #define _POSIX_PTHREAD_SEMANTICS 1
| #define __STDC_WANT_IEC_60559_ATTRIBS_EXT__ 1
| #define __STDC_WANT_IEC_60559_BFP_EXT__ 1
| #define __STDC_WANT_IEC_60559_DFP_EXT__ 1
| #define __STDC_WANT_IEC_60559_EXT__ 1
| #define __STDC_WANT_IEC_60559_FUNCS_EXT__ 1
| #define __STDC_WANT_IEC_60559_TYPES_EXT__ 1
| #define __STDC_WANT_LIB_EXT2__ 1
| #define __STDC_WANT_MATH_SPEC_FUNCS__ 1
| #define _TANDEM_SOURCE 1
| #define __EXTENSIONS__ 1
| #define SIZEOF_TIME_T 8
| #define LIBBSD_SYS_TIME_BITS 64
| #define SIZEOF_TIME_T 8
| #define LIBBSD_SYS_HAS_TIME64 1
| #define LIBBSD_ABI_TIME64 0
| #define SIZEOF_OFF_T 8
| #define HAVE_DLFCN_H 1
| #define LT_OBJDIR ".libs/"
| #define HAVE_GETENTROPY 1
| #define HAVE_SYS_DIR_H 1
| #define HAVE_DIRENT_H 1
| #define HAVE_PWD_H 1
| #define HAVE_GRP_H 1
| #define HAVE_STDIO_EXT_H 1
| #define HAVE_TYPEOF 1
| #define HAVE_DECL_ENVIRON 1
| #define HAVE_PROGRAM_INVOCATION_SHORT_NAME 1
| #define HAVE___PROGNAME 1
| #define HAVE___REGISTER_ATFORK 1
| #define HAVE_VASPRINTF 1
| #define HAVE_ASPRINTF 1
| #define HAVE_CLEARENV 1
| #define HAVE_DIRFD 1
| #define HAVE_FLOCK 1
| #define HAVE_FOPENCOOKIE 1
| #define HAVE___FPURGE 1
| /* end confdefs.h.  */
| /* Define funopen to an innocuous variant, in case <limits.h> declares funopen.
|    For example, HP-UX 11i <limits.h> declares gettimeofday.  */
| #define funopen innocuous_funopen
| 
| /* System header to define __stub macros and hopefully few prototypes,
|    which can conflict with char funopen (void); below.  */
| 
| #include <limits.h>
| #undef funopen
| 
| /* Override any GCC internal prototype to avoid an error.
|    Use char because int might match the return type of a GCC
|    builtin and then its argument prototype would still apply.  */
| #ifdef __cplusplus
| extern "C"
| #endif
| char funopen (void);
| /* The GNU C library defines this for functions which it implements
|     to always fail with ENOSYS.  Some functions are actually named
|     something starting with __ and the normal name is an alias.  */
| #if defined __stub_funopen || defined __stub___funopen
| choke me
| #endif
| 
| int
| main (void)
| {
| return funopen ();
|   ;
|   return 0;
| }
configure:18550: result: no
configure:18556: checking for getauxval
configure:18556: gcc -o conftest -I/home/mearvk/IdeaProjects/Ubuntu.Determinant.Alpha.Restricted/userland/x11/_build/sysroot/usr/include  -L/home/mearvk/IdeaProjects/Ubuntu.Determinant.Alpha.Restricted/userland/x11/_build/sysroot/usr/lib -Wl,-rpath-link,/home/mearvk/IdeaProjects/Ubuntu.Determinant.Alpha.Restricted/userland/x11/_build/sysroot/usr/lib conftest.c  >&5
configure:18556: $? = 0
configure:18556: result: yes
configure:18562: checking for getentropy
configure:18562: result: yes
configure:18568: checking for getexecname
configure:18568: gcc -o conftest -I/home/mearvk/IdeaProjects/Ubuntu.Determinant.Alpha.Restricted/userland/x11/_build/sysroot/usr/include  -L/home/mearvk/IdeaProjects/Ubuntu.Determinant.Alpha.Restricted/userland/x11/_build/sysroot/usr/lib -Wl,-rpath-link,/home/mearvk/IdeaProjects/Ubuntu.Determinant.Alpha.Restricted/userland/x11/_build/sysroot/usr/lib conftest.c  >&5
/usr/bin/ld: /tmp/ccnUptmf.o: in function `main':
conftest.c:(.text+0x9): undefined reference to `getexecname'
collect2: error: ld returned 1 exit status
configure:18568: $? = 1
configure: failed program was:
| /* confdefs.h */
| #define PACKAGE_NAME "libbsd"
| #define PACKAGE_TARNAME "libbsd"
| #define PACKAGE_VERSION "0.12.2"
| #define PACKAGE_STRING "libbsd 0.12.2"
| #define PACKAGE_BUGREPORT "libbsd@lists.freedesktop.org"
| #define PACKAGE_URL ""
| #define PACKAGE "libbsd"
| #define VERSION "0.12.2"
| #define HAVE_STDIO_H 1
| #define HAVE_STDLIB_H 1
| #define HAVE_STRING_H 1
| #define HAVE_INTTYPES_H 1
| #define HAVE_STDINT_H 1
| #define HAVE_STRINGS_H 1
| #define HAVE_SYS_STAT_H 1
| #define HAVE_SYS_TYPES_H 1
| #define HAVE_UNISTD_H 1
| #define HAVE_WCHAR_H 1
| #define STDC_HEADERS 1
| #define _ALL_SOURCE 1
| #define _DARWIN_C_SOURCE 1
| #define _GNU_SOURCE 1
| #define _HPUX_ALT_XOPEN_SOCKET_API 1
| #define _NETBSD_SOURCE 1
| #define _OPENBSD_SOURCE 1
| #define _POSIX_PTHREAD_SEMANTICS 1
| #define __STDC_WANT_IEC_60559_ATTRIBS_EXT__ 1
| #define __STDC_WANT_IEC_60559_BFP_EXT__ 1
| #define __STDC_WANT_IEC_60559_DFP_EXT__ 1
| #define __STDC_WANT_IEC_60559_EXT__ 1
| #define __STDC_WANT_IEC_60559_FUNCS_EXT__ 1
| #define __STDC_WANT_IEC_60559_TYPES_EXT__ 1
| #define __STDC_WANT_LIB_EXT2__ 1
| #define __STDC_WANT_MATH_SPEC_FUNCS__ 1
| #define _TANDEM_SOURCE 1
| #define __EXTENSIONS__ 1
| #define SIZEOF_TIME_T 8
| #define LIBBSD_SYS_TIME_BITS 64
| #define SIZEOF_TIME_T 8
| #define LIBBSD_SYS_HAS_TIME64 1
| #define LIBBSD_ABI_TIME64 0
| #define SIZEOF_OFF_T 8
| #define HAVE_DLFCN_H 1
| #define LT_OBJDIR ".libs/"
| #define HAVE_GETENTROPY 1
| #define HAVE_SYS_DIR_H 1
| #define HAVE_DIRENT_H 1
| #define HAVE_PWD_H 1
| #define HAVE_GRP_H 1
| #define HAVE_STDIO_EXT_H 1
| #define HAVE_TYPEOF 1
| #define HAVE_DECL_ENVIRON 1
| #define HAVE_PROGRAM_INVOCATION_SHORT_NAME 1
| #define HAVE___PROGNAME 1
| #define HAVE___REGISTER_ATFORK 1
| #define HAVE_VASPRINTF 1
| #define HAVE_ASPRINTF 1
| #define HAVE_CLEARENV 1
| #define HAVE_DIRFD 1
| #define HAVE_FLOCK 1
| #define HAVE_FOPENCOOKIE 1
| #define HAVE___FPURGE 1
| #define HAVE_GETAUXVAL 1
| #define HAVE_GETENTROPY 1
| /* end confdefs.h.  */
| /* Define getexecname to an innocuous variant, in case <limits.h> declares getexecname.
|    For example, HP-UX 11i <limits.h> declares gettimeofday.  */
| #define getexecname innocuous_getexecname
| 
| /* System header to define __stub macros and hopefully few prototypes,
|    which can conflict with char getexecname (void); below.  */
| 
| #include <limits.h>
| #undef getexecname
| 
| /* Override any GCC internal prototype to avoid an error.
|    Use char because int might match the return type of a GCC
|    builtin and then its argument prototype would still apply.  */
| #ifdef __cplusplus
| extern "C"
| #endif
| char getexecname (void);
| /* The GNU C library defines this for functions which it implements
|     to always fail with ENOSYS.  Some functions are actually named
|     something starting with __ and the normal name is an alias.  */
| #if defined __stub_getexecname || defined __stub___getexecname
| choke me
| #endif
| 
| int
| main (void)
| {
| return getexecname ();
|   ;
|   return 0;
| }
configure:18568: result: no
configure:18574: checking for getline
configure:18574: gcc -o conftest -I/home/mearvk/IdeaProjects/Ubuntu.Determinant.Alpha.Restricted/userland/x11/_build/sysroot/usr/include  -L/home/mearvk/IdeaProjects/Ubuntu.Determinant.Alpha.Restricted/userland/x11/_build/sysroot/usr/lib -Wl,-rpath-link,/home/mearvk/IdeaProjects/Ubuntu.Determinant.Alpha.Restricted/userland/x11/_build/sysroot/usr/lib conftest.c  >&5
configure:18574: $? = 0
configure:18574: result: yes
configure:18580: checking for open_memstream
configure:18580: gcc -o conftest -I/home/mearvk/IdeaProjects/Ubuntu.Determinant.Alpha.Restricted/userland/x11/_build/sysroot/usr/include  -L/home/mearvk/IdeaProjects/Ubuntu.Determinant.Alpha.Restricted/userland/x11/_build/sysroot/usr/lib -Wl,-rpath-link,/home/mearvk/IdeaProjects/Ubuntu.Determinant.Alpha.Restricted/userland/x11/_build/sysroot/usr/lib conftest.c  >&5
configure:18580: $? = 0
configure:18580: result: yes
configure:18586: checking for pstat_getproc
configure:18586: gcc -o conftest -I/home/mearvk/IdeaProjects/Ubuntu.Determinant.Alpha.Restricted/userland/x11/_build/sysroot/usr/include  -L/home/mearvk/IdeaProjects/Ubuntu.Determinant.Alpha.Restricted/userland/x11/_build/sysroot/usr/lib -Wl,-rpath-link,/home/mearvk/IdeaProjects/Ubuntu.Determinant.Alpha.Restricted/userland/x11/_build/sysroot/usr/lib conftest.c  >&5
/usr/bin/ld: /tmp/ccSdQ6K5.o: in function `main':
conftest.c:(.text+0x9): undefined reference to `pstat_getproc'
collect2: error: ld returned 1 exit status
configure:18586: $? = 1
configure: failed program was:
| /* confdefs.h */
| #define PACKAGE_NAME "libbsd"
| #define PACKAGE_TARNAME "libbsd"
| #define PACKAGE_VERSION "0.12.2"
| #define PACKAGE_STRING "libbsd 0.12.2"
| #define PACKAGE_BUGREPORT "libbsd@lists.freedesktop.org"
| #define PACKAGE_URL ""
| #define PACKAGE "libbsd"
| #define VERSION "0.12.2"
| #define HAVE_STDIO_H 1
| #define HAVE_STDLIB_H 1
| #define HAVE_STRING_H 1
| #define HAVE_INTTYPES_H 1
| #define HAVE_STDINT_H 1
| #define HAVE_STRINGS_H 1
| #define HAVE_SYS_STAT_H 1
| #define HAVE_SYS_TYPES_H 1
| #define HAVE_UNISTD_H 1
| #define HAVE_WCHAR_H 1
| #define STDC_HEADERS 1
| #define _ALL_SOURCE 1
| #define _DARWIN_C_SOURCE 1
| #define _GNU_SOURCE 1
| #define _HPUX_ALT_XOPEN_SOCKET_API 1
| #define _NETBSD_SOURCE 1
| #define _OPENBSD_SOURCE 1
| #define _POSIX_PTHREAD_SEMANTICS 1
| #define __STDC_WANT_IEC_60559_ATTRIBS_EXT__ 1
| #define __STDC_WANT_IEC_60559_BFP_EXT__ 1
| #define __STDC_WANT_IEC_60559_DFP_EXT__ 1
| #define __STDC_WANT_IEC_60559_EXT__ 1
| #define __STDC_WANT_IEC_60559_FUNCS_EXT__ 1
| #define __STDC_WANT_IEC_60559_TYPES_EXT__ 1
| #define __STDC_WANT_LIB_EXT2__ 1
| #define __STDC_WANT_MATH_SPEC_FUNCS__ 1
| #define _TANDEM_SOURCE 1
| #define __EXTENSIONS__ 1
| #define SIZEOF_TIME_T 8
| #define LIBBSD_SYS_TIME_BITS 64
| #define SIZEOF_TIME_T 8
| #define LIBBSD_SYS_HAS_TIME64 1
| #define LIBBSD_ABI_TIME64 0
| #define SIZEOF_OFF_T 8
| #define HAVE_DLFCN_H 1
| #define LT_OBJDIR ".libs/"
| #define HAVE_GETENTROPY 1
| #define HAVE_SYS_DIR_H 1
| #define HAVE_DIRENT_H 1
| #define HAVE_PWD_H 1
| #define HAVE_GRP_H 1
| #define HAVE_STDIO_EXT_H 1
| #define HAVE_TYPEOF 1
| #define HAVE_DECL_ENVIRON 1
| #define HAVE_PROGRAM_INVOCATION_SHORT_NAME 1
| #define HAVE___PROGNAME 1
| #define HAVE___REGISTER_ATFORK 1
| #define HAVE_VASPRINTF 1
| #define HAVE_ASPRINTF 1
| #define HAVE_CLEARENV 1
| #define HAVE_DIRFD 1
| #define HAVE_FLOCK 1
| #define HAVE_FOPENCOOKIE 1
| #define HAVE___FPURGE 1
| #define HAVE_GETAUXVAL 1
| #define HAVE_GETENTROPY 1
| #define HAVE_GETLINE 1
| #define HAVE_OPEN_MEMSTREAM 1
| /* end confdefs.h.  */
| /* Define pstat_getproc to an innocuous variant, in case <limits.h> declares pstat_getproc.
|    For example, HP-UX 11i <limits.h> declares gettimeofday.  */
| #define pstat_getproc innocuous_pstat_getproc
| 
| /* System header to define __stub macros and hopefully few prototypes,
|    which can conflict with char pstat_getproc (void); below.  */
| 
| #include <limits.h>
| #undef pstat_getproc
| 
| /* Override any GCC internal prototype to avoid an error.
|    Use char because int might match the return type of a GCC
|    builtin and then its argument prototype would still apply.  */
| #ifdef __cplusplus
| extern "C"
| #endif
| char pstat_getproc (void);
| /* The GNU C library defines this for functions which it implements
|     to always fail with ENOSYS.  Some functions are actually named
|     something starting with __ and the normal name is an alias.  */
| #if defined __stub_pstat_getproc || defined __stub___pstat_getproc
| choke me
| #endif
| 
| int
| main (void)
| {
| return pstat_getproc ();
|   ;
|   return 0;
| }
configure:18586: result: no
configure:18592: checking for sysconf
configure:18592: gcc -o conftest -I/home/mearvk/IdeaProjects/Ubuntu.Determinant.Alpha.Restricted/userland/x11/_build/sysroot/usr/include  -L/home/mearvk/IdeaProjects/Ubuntu.Determinant.Alpha.Restricted/userland/x11/_build/sysroot/usr/lib -Wl,-rpath-link,/home/mearvk/IdeaProjects/Ubuntu.Determinant.Alpha.Restricted/userland/x11/_build/sysroot/usr/lib conftest.c  >&5
configure:18592: $? = 0
configure:18592: result: yes
configure:18598: checking for uid_from_user
configure:18598: gcc -o conftest -I/home/mearvk/IdeaProjects/Ubuntu.Determinant.Alpha.Restricted/userland/x11/_build/sysroot/usr/include  -L/home/mearvk/IdeaProjects/Ubuntu.Determinant.Alpha.Restricted/userland/x11/_build/sysroot/usr/lib -Wl,-rpath-link,/home/mearvk/IdeaProjects/Ubuntu.Determinant.Alpha.Restricted/userland/x11/_build/sysroot/usr/lib conftest.c  >&5
/usr/bin/ld: /tmp/cc9kkf6l.o: in function `main':
conftest.c:(.text+0x9): undefined reference to `uid_from_user'
collect2: error: ld returned 1 exit status
configure:18598: $? = 1
configure: failed program was:
| /* confdefs.h */
| #define PACKAGE_NAME "libbsd"
| #define PACKAGE_TARNAME "libbsd"
| #define PACKAGE_VERSION "0.12.2"
| #define PACKAGE_STRING "libbsd 0.12.2"
| #define PACKAGE_BUGREPORT "libbsd@lists.freedesktop.org"
| #define PACKAGE_URL ""
| #define PACKAGE "libbsd"
| #define VERSION "0.12.2"
| #define HAVE_STDIO_H 1
| #define HAVE_STDLIB_H 1
| #define HAVE_STRING_H 1
| #define HAVE_INTTYPES_H 1
| #define HAVE_STDINT_H 1
| #define HAVE_STRINGS_H 1
| #define HAVE_SYS_STAT_H 1
| #define HAVE_SYS_TYPES_H 1
| #define HAVE_UNISTD_H 1
| #define HAVE_WCHAR_H 1
| #define STDC_HEADERS 1
| #define _ALL_SOURCE 1
| #define _DARWIN_C_SOURCE 1
| #define _GNU_SOURCE 1
| #define _HPUX_ALT_XOPEN_SOCKET_API 1
| #define _NETBSD_SOURCE 1
| #define _OPENBSD_SOURCE 1
| #define _POSIX_PTHREAD_SEMANTICS 1
| #define __STDC_WANT_IEC_60559_ATTRIBS_EXT__ 1
| #define __STDC_WANT_IEC_60559_BFP_EXT__ 1
| #define __STDC_WANT_IEC_60559_DFP_EXT__ 1
| #define __STDC_WANT_IEC_60559_EXT__ 1
| #define __STDC_WANT_IEC_60559_FUNCS_EXT__ 1
| #define __STDC_WANT_IEC_60559_TYPES_EXT__ 1
| #define __STDC_WANT_LIB_EXT2__ 1
| #define __STDC_WANT_MATH_SPEC_FUNCS__ 1
| #define _TANDEM_SOURCE 1
| #define __EXTENSIONS__ 1
| #define SIZEOF_TIME_T 8
| #define LIBBSD_SYS_TIME_BITS 64
| #define SIZEOF_TIME_T 8
| #define LIBBSD_SYS_HAS_TIME64 1
| #define LIBBSD_ABI_TIME64 0
| #define SIZEOF_OFF_T 8
| #define HAVE_DLFCN_H 1
| #define LT_OBJDIR ".libs/"
| #define HAVE_GETENTROPY 1
| #define HAVE_SYS_DIR_H 1
| #define HAVE_DIRENT_H 1
| #define HAVE_PWD_H 1
| #define HAVE_GRP_H 1
| #define HAVE_STDIO_EXT_H 1
| #define HAVE_TYPEOF 1
| #define HAVE_DECL_ENVIRON 1
| #define HAVE_PROGRAM_INVOCATION_SHORT_NAME 1
| #define HAVE___PROGNAME 1
| #define HAVE___REGISTER_ATFORK 1
| #define HAVE_VASPRINTF 1
| #define HAVE_ASPRINTF 1
| #define HAVE_CLEARENV 1
| #define HAVE_DIRFD 1
| #define HAVE_FLOCK 1
| #define HAVE_FOPENCOOKIE 1
| #define HAVE___FPURGE 1
| #define HAVE_GETAUXVAL 1
| #define HAVE_GETENTROPY 1
| #define HAVE_GETLINE 1
| #define HAVE_OPEN_MEMSTREAM 1
| #define HAVE_SYSCONF 1
| /* end confdefs.h.  */
| /* Define uid_from_user to an innocuous variant, in case <limits.h> declares uid_from_user.
|    For example, HP-UX 11i <limits.h> declares gettimeofday.  */
| #define uid_from_user innocuous_uid_from_user
| 
| /* System header to define __stub macros and hopefully few prototypes,
|    which can conflict with char uid_from_user (void); below.  */
| 
| #include <limits.h>
| #undef uid_from_user
| 
| /* Override any GCC internal prototype to avoid an error.
|    Use char because int might match the return type of a GCC
|    builtin and then its argument prototype would still apply.  */
| #ifdef __cplusplus
| extern "C"
| #endif
| char uid_from_user (void);
| /* The GNU C library defines this for functions which it implements
|     to always fail with ENOSYS.  Some functions are actually named
|     something starting with __ and the normal name is an alias.  */
| #if defined __stub_uid_from_user || defined __stub___uid_from_user
| choke me
| #endif
| 
| int
| main (void)
| {
| return uid_from_user ();
|   ;
|   return 0;
| }
configure:18598: result: no
configure:18604: checking for gid_from_group
configure:18604: gcc -o conftest -I/home/mearvk/IdeaProjects/Ubuntu.Determinant.Alpha.Restricted/userland/x11/_build/sysroot/usr/include  -L/home/mearvk/IdeaProjects/Ubuntu.Determinant.Alpha.Restricted/userland/x11/_build/sysroot/usr/lib -Wl,-rpath-link,/home/mearvk/IdeaProjects/Ubuntu.Determinant.Alpha.Restricted/userland/x11/_build/sysroot/usr/lib conftest.c  >&5
/usr/bin/ld: /tmp/cc59tVX1.o: in function `main':
conftest.c:(.text+0x9): undefined reference to `gid_from_group'
collect2: error: ld returned 1 exit status
configure:18604: $? = 1
configure: failed program was:
| /* confdefs.h */
| #define PACKAGE_NAME "libbsd"
| #define PACKAGE_TARNAME "libbsd"
| #define PACKAGE_VERSION "0.12.2"
| #define PACKAGE_STRING "libbsd 0.12.2"
| #define PACKAGE_BUGREPORT "libbsd@lists.freedesktop.org"
| #define PACKAGE_URL ""
| #define PACKAGE "libbsd"
| #define VERSION "0.12.2"
| #define HAVE_STDIO_H 1
| #define HAVE_STDLIB_H 1
| #define HAVE_STRING_H 1
| #define HAVE_INTTYPES_H 1
| #define HAVE_STDINT_H 1
| #define HAVE_STRINGS_H 1
| #define HAVE_SYS_STAT_H 1
| #define HAVE_SYS_TYPES_H 1
| #define HAVE_UNISTD_H 1
| #define HAVE_WCHAR_H 1
| #define STDC_HEADERS 1
| #define _ALL_SOURCE 1
| #define _DARWIN_C_SOURCE 1
| #define _GNU_SOURCE 1
| #define _HPUX_ALT_XOPEN_SOCKET_API 1
| #define _NETBSD_SOURCE 1
| #define _OPENBSD_SOURCE 1
| #define _POSIX_PTHREAD_SEMANTICS 1
| #define __STDC_WANT_IEC_60559_ATTRIBS_EXT__ 1
| #define __STDC_WANT_IEC_60559_BFP_EXT__ 1
| #define __STDC_WANT_IEC_60559_DFP_EXT__ 1
| #define __STDC_WANT_IEC_60559_EXT__ 1
| #define __STDC_WANT_IEC_60559_FUNCS_EXT__ 1
| #define __STDC_WANT_IEC_60559_TYPES_EXT__ 1
| #define __STDC_WANT_LIB_EXT2__ 1
| #define __STDC_WANT_MATH_SPEC_FUNCS__ 1
| #define _TANDEM_SOURCE 1
| #define __EXTENSIONS__ 1
| #define SIZEOF_TIME_T 8
| #define LIBBSD_SYS_TIME_BITS 64
| #define SIZEOF_TIME_T 8
| #define LIBBSD_SYS_HAS_TIME64 1
| #define LIBBSD_ABI_TIME64 0
| #define SIZEOF_OFF_T 8
| #define HAVE_DLFCN_H 1
| #define LT_OBJDIR ".libs/"
| #define HAVE_GETENTROPY 1
| #define HAVE_SYS_DIR_H 1
| #define HAVE_DIRENT_H 1
| #define HAVE_PWD_H 1
| #define HAVE_GRP_H 1
| #define HAVE_STDIO_EXT_H 1
| #define HAVE_TYPEOF 1
| #define HAVE_DECL_ENVIRON 1
| #define HAVE_PROGRAM_INVOCATION_SHORT_NAME 1
| #define HAVE___PROGNAME 1
| #define HAVE___REGISTER_ATFORK 1
| #define HAVE_VASPRINTF 1
| #define HAVE_ASPRINTF 1
| #define HAVE_CLEARENV 1
| #define HAVE_DIRFD 1
| #define HAVE_FLOCK 1
| #define HAVE_FOPENCOOKIE 1
| #define HAVE___FPURGE 1
| #define HAVE_GETAUXVAL 1
| #define HAVE_GETENTROPY 1
| #define HAVE_GETLINE 1
| #define HAVE_OPEN_MEMSTREAM 1
| #define HAVE_SYSCONF 1
| /* end confdefs.h.  */
| /* Define gid_from_group to an innocuous variant, in case <limits.h> declares gid_from_group.
|    For example, HP-UX 11i <limits.h> declares gettimeofday.  */
| #define gid_from_group innocuous_gid_from_group
| 
| /* System header to define __stub macros and hopefully few prototypes,
|    which can conflict with char gid_from_group (void); below.  */
| 
| #include <limits.h>
| #undef gid_from_group
| 
| /* Override any GCC internal prototype to avoid an error.
|    Use char because int might match the return type of a GCC
|    builtin and then its argument prototype would still apply.  */
| #ifdef __cplusplus
| extern "C"
| #endif
| char gid_from_group (void);
| /* The GNU C library defines this for functions which it implements
|     to always fail with ENOSYS.  Some functions are actually named
|     something starting with __ and the normal name is an alias.  */
| #if defined __stub_gid_from_group || defined __stub___gid_from_group
| choke me
| #endif
| 
| int
| main (void)
| {
| return gid_from_group ();
|   ;
|   return 0;
| }
configure:18604: result: no
configure:18610: checking for user_from_uid
configure:18610: gcc -o conftest -I/home/mearvk/IdeaProjects/Ubuntu.Determinant.Alpha.Restricted/userland/x11/_build/sysroot/usr/include  -L/home/mearvk/IdeaProjects/Ubuntu.Determinant.Alpha.Restricted/userland/x11/_build/sysroot/usr/lib -Wl,-rpath-link,/home/mearvk/IdeaProjects/Ubuntu.Determinant.Alpha.Restricted/userland/x11/_build/sysroot/usr/lib conftest.c  >&5
/usr/bin/ld: /tmp/ccO0Q8dn.o: in function `main':
conftest.c:(.text+0x9): undefined reference to `user_from_uid'
collect2: error: ld returned 1 exit status
configure:18610: $? = 1
configure: failed program was:
| /* confdefs.h */
| #define PACKAGE_NAME "libbsd"
| #define PACKAGE_TARNAME "libbsd"
| #define PACKAGE_VERSION "0.12.2"
| #define PACKAGE_STRING "libbsd 0.12.2"
| #define PACKAGE_BUGREPORT "libbsd@lists.freedesktop.org"
| #define PACKAGE_URL ""
| #define PACKAGE "libbsd"
| #define VERSION "0.12.2"
| #define HAVE_STDIO_H 1
| #define HAVE_STDLIB_H 1
| #define HAVE_STRING_H 1
| #define HAVE_INTTYPES_H 1
| #define HAVE_STDINT_H 1
| #define HAVE_STRINGS_H 1
| #define HAVE_SYS_STAT_H 1
| #define HAVE_SYS_TYPES_H 1
| #define HAVE_UNISTD_H 1
| #define HAVE_WCHAR_H 1
| #define STDC_HEADERS 1
| #define _ALL_SOURCE 1
| #define _DARWIN_C_SOURCE 1
| #define _GNU_SOURCE 1
| #define _HPUX_ALT_XOPEN_SOCKET_API 1
| #define _NETBSD_SOURCE 1
| #define _OPENBSD_SOURCE 1
| #define _POSIX_PTHREAD_SEMANTICS 1
| #define __STDC_WANT_IEC_60559_ATTRIBS_EXT__ 1
| #define __STDC_WANT_IEC_60559_BFP_EXT__ 1
| #define __STDC_WANT_IEC_60559_DFP_EXT__ 1
| #define __STDC_WANT_IEC_60559_EXT__ 1
| #define __STDC_WANT_IEC_60559_FUNCS_EXT__ 1
| #define __STDC_WANT_IEC_60559_TYPES_EXT__ 1
| #define __STDC_WANT_LIB_EXT2__ 1
| #define __STDC_WANT_MATH_SPEC_FUNCS__ 1
| #define _TANDEM_SOURCE 1
| #define __EXTENSIONS__ 1
| #define SIZEOF_TIME_T 8
| #define LIBBSD_SYS_TIME_BITS 64
| #define SIZEOF_TIME_T 8
| #define LIBBSD_SYS_HAS_TIME64 1
| #define LIBBSD_ABI_TIME64 0
| #define SIZEOF_OFF_T 8
| #define HAVE_DLFCN_H 1
| #define LT_OBJDIR ".libs/"
| #define HAVE_GETENTROPY 1
| #define HAVE_SYS_DIR_H 1
| #define HAVE_DIRENT_H 1
| #define HAVE_PWD_H 1
| #define HAVE_GRP_H 1
| #define HAVE_STDIO_EXT_H 1
| #define HAVE_TYPEOF 1
| #define HAVE_DECL_ENVIRON 1
| #define HAVE_PROGRAM_INVOCATION_SHORT_NAME 1
| #define HAVE___PROGNAME 1
| #define HAVE___REGISTER_ATFORK 1
| #define HAVE_VASPRINTF 1
| #define HAVE_ASPRINTF 1
| #define HAVE_CLEARENV 1
| #define HAVE_DIRFD 1
| #define HAVE_FLOCK 1
| #define HAVE_FOPENCOOKIE 1
| #define HAVE___FPURGE 1
| #define HAVE_GETAUXVAL 1
| #define HAVE_GETENTROPY 1
| #define HAVE_GETLINE 1
| #define HAVE_OPEN_MEMSTREAM 1
| #define HAVE_SYSCONF 1
| /* end confdefs.h.  */
| /* Define user_from_uid to an innocuous variant, in case <limits.h> declares user_from_uid.
|    For example, HP-UX 11i <limits.h> declares gettimeofday.  */
| #define user_from_uid innocuous_user_from_uid
| 
| /* System header to define __stub macros and hopefully few prototypes,
|    which can conflict with char user_from_uid (void); below.  */
| 
| #include <limits.h>
| #undef user_from_uid
| 
| /* Override any GCC internal prototype to avoid an error.
|    Use char because int might match the return type of a GCC
|    builtin and then its argument prototype would still apply.  */
| #ifdef __cplusplus
| extern "C"
| #endif
| char user_from_uid (void);
| /* The GNU C library defines this for functions which it implements
|     to always fail with ENOSYS.  Some functions are actually named
|     something starting with __ and the normal name is an alias.  */
| #if defined __stub_user_from_uid || defined __stub___user_from_uid
| choke me
| #endif
| 
| int
| main (void)
| {
| return user_from_uid ();
|   ;
|   return 0;
| }
configure:18610: result: no
configure:18616: checking for group_from_gid
configure:18616: gcc -o conftest -I/home/mearvk/IdeaProjects/Ubuntu.Determinant.Alpha.Restricted/userland/x11/_build/sysroot/usr/include  -L/home/mearvk/IdeaProjects/Ubuntu.Determinant.Alpha.Restricted/userland/x11/_build/sysroot/usr/lib -Wl,-rpath-link,/home/mearvk/IdeaProjects/Ubuntu.Determinant.Alpha.Restricted/userland/x11/_build/sysroot/usr/lib conftest.c  >&5
/usr/bin/ld: /tmp/ccdDi6Qf.o: in function `main':
conftest.c:(.text+0x9): undefined reference to `group_from_gid'
collect2: error: ld returned 1 exit status
configure:18616: $? = 1
configure: failed program was:
| /* confdefs.h */
| #define PACKAGE_NAME "libbsd"
| #define PACKAGE_TARNAME "libbsd"
| #define PACKAGE_VERSION "0.12.2"
| #define PACKAGE_STRING "libbsd 0.12.2"
| #define PACKAGE_BUGREPORT "libbsd@lists.freedesktop.org"
| #define PACKAGE_URL ""
| #define PACKAGE "libbsd"
| #define VERSION "0.12.2"
| #define HAVE_STDIO_H 1
| #define HAVE_STDLIB_H 1
| #define HAVE_STRING_H 1
| #define HAVE_INTTYPES_H 1
| #define HAVE_STDINT_H 1
| #define HAVE_STRINGS_H 1
| #define HAVE_SYS_STAT_H 1
| #define HAVE_SYS_TYPES_H 1
| #define HAVE_UNISTD_H 1
| #define HAVE_WCHAR_H 1
| #define STDC_HEADERS 1
| #define _ALL_SOURCE 1
| #define _DARWIN_C_SOURCE 1
| #define _GNU_SOURCE 1
| #define _HPUX_ALT_XOPEN_SOCKET_API 1
| #define _NETBSD_SOURCE 1
| #define _OPENBSD_SOURCE 1
| #define _POSIX_PTHREAD_SEMANTICS 1
| #define __STDC_WANT_IEC_60559_ATTRIBS_EXT__ 1
| #define __STDC_WANT_IEC_60559_BFP_EXT__ 1
| #define __STDC_WANT_IEC_60559_DFP_EXT__ 1
| #define __STDC_WANT_IEC_60559_EXT__ 1
| #define __STDC_WANT_IEC_60559_FUNCS_EXT__ 1
| #define __STDC_WANT_IEC_60559_TYPES_EXT__ 1
| #define __STDC_WANT_LIB_EXT2__ 1
| #define __STDC_WANT_MATH_SPEC_FUNCS__ 1
| #define _TANDEM_SOURCE 1
| #define __EXTENSIONS__ 1
| #define SIZEOF_TIME_T 8
| #define LIBBSD_SYS_TIME_BITS 64
| #define SIZEOF_TIME_T 8
| #define LIBBSD_SYS_HAS_TIME64 1
| #define LIBBSD_ABI_TIME64 0
| #define SIZEOF_OFF_T 8
| #define HAVE_DLFCN_H 1
| #define LT_OBJDIR ".libs/"
| #define HAVE_GETENTROPY 1
| #define HAVE_SYS_DIR_H 1
| #define HAVE_DIRENT_H 1
| #define HAVE_PWD_H 1
| #define HAVE_GRP_H 1
| #define HAVE_STDIO_EXT_H 1
| #define HAVE_TYPEOF 1
| #define HAVE_DECL_ENVIRON 1
| #define HAVE_PROGRAM_INVOCATION_SHORT_NAME 1
| #define HAVE___PROGNAME 1
| #define HAVE___REGISTER_ATFORK 1
| #define HAVE_VASPRINTF 1
| #define HAVE_ASPRINTF 1
| #define HAVE_CLEARENV 1
| #define HAVE_DIRFD 1
| #define HAVE_FLOCK 1
| #define HAVE_FOPENCOOKIE 1
| #define HAVE___FPURGE 1
| #define HAVE_GETAUXVAL 1
| #define HAVE_GETENTROPY 1
| #define HAVE_GETLINE 1
| #define HAVE_OPEN_MEMSTREAM 1
| #define HAVE_SYSCONF 1
| /* end confdefs.h.  */
| /* Define group_from_gid to an innocuous variant, in case <limits.h> declares group_from_gid.
|    For example, HP-UX 11i <limits.h> declares gettimeofday.  */
| #define group_from_gid innocuous_group_from_gid
| 
| /* System header to define __stub macros and hopefully few prototypes,
|    which can conflict with char group_from_gid (void); below.  */
| 
| #include <limits.h>
| #undef group_from_gid
| 
| /* Override any GCC internal prototype to avoid an error.
|    Use char because int might match the return type of a GCC
|    builtin and then its argument prototype would still apply.  */
| #ifdef __cplusplus
| extern "C"
| #endif
| char group_from_gid (void);
| /* The GNU C library defines this for functions which it implements
|     to always fail with ENOSYS.  Some functions are actually named
|     something starting with __ and the normal name is an alias.  */
| #if defined __stub_group_from_gid || defined __stub___group_from_gid
| choke me
| #endif
| 
| int
| main (void)
| {
| return group_from_gid ();
|   ;
|   return 0;
| }
configure:18616: result: no
configure:20285: checking that generated files are newer than configure
configure:20291: result: done
configure:20536: creating ./config.status

## ---------------------- ##
## Running config.status. ##
## ---------------------- ##

This file was extended by libbsd config.status 0.12.2, which was
generated by GNU Autoconf 2.72.  Invocation command line was

  CONFIG_FILES    = 
  CONFIG_HEADERS  = 
  CONFIG_LINKS    = 
  CONFIG_COMMANDS = 
  $ ./config.status 

on mearvk-X900-A8800

config.status:1298: creating Makefile
config.status:1298: creating include/Makefile
config.status:1298: creating man/Makefile
config.status:1298: creating src/Makefile
config.status:1298: creating src/libbsd.pc
config.status:1298: creating src/libbsd-ctor.pc
config.status:1298: creating src/libbsd-overlay.pc
config.status:1298: creating test/Makefile
config.status:1298: creating config.h
config.status:1527: executing depfiles commands
config.status:1604: cd src       && sed -e '/# am--include-marker/d' Makefile         | make -f - am--depfiles
make[2]: Entering directory '/home/mearvk/IdeaProjects/Ubuntu.Determinant.Alpha.Restricted/userland/x11/_build/libbsd-0.12.2/src'
make[2]: Leaving directory '/home/mearvk/IdeaProjects/Ubuntu.Determinant.Alpha.Restricted/userland/x11/_build/libbsd-0.12.2/src'
config.status:1609: $? = 0
config.status:1604: cd test       && sed -e '/# am--include-marker/d' Makefile         | make -f - am--depfiles
make[2]: Entering directory '/home/mearvk/IdeaProjects/Ubuntu.Determinant.Alpha.Restricted/userland/x11/_build/libbsd-0.12.2/test'
make[2]: Leaving directory '/home/mearvk/IdeaProjects/Ubuntu.Determinant.Alpha.Restricted/userland/x11/_build/libbsd-0.12.2/test'
config.status:1609: $? = 0
config.status:1527: executing libtool commands

## ---------------- ##
## Cache variables. ##
## ---------------- ##

ac_cv_build=x86_64-pc-linux-gnu
ac_cv_c_compiler_gnu=yes
ac_cv_c_inline=inline
ac_cv_c_int64_t=yes
ac_cv_c_typeof=typeof
ac_cv_c_undeclared_builtin_options='none needed'
ac_cv_env_CC_set=
ac_cv_env_CC_value=
ac_cv_env_CFLAGS_set=set
ac_cv_env_CFLAGS_value=-I/home/mearvk/IdeaProjects/Ubuntu.Determinant.Alpha.Restricted/userland/x11/_build/sysroot/usr/include
ac_cv_env_CPPFLAGS_set=
ac_cv_env_CPPFLAGS_value=
ac_cv_env_CPP_set=
ac_cv_env_CPP_value=
ac_cv_env_LDFLAGS_set=set
ac_cv_env_LDFLAGS_value='-L/home/mearvk/IdeaProjects/Ubuntu.Determinant.Alpha.Restricted/userland/x11/_build/sysroot/usr/lib -Wl,-rpath-link,/home/mearvk/IdeaProjects/Ubuntu.Determinant.Alpha.Restricted/userland/x11/_build/sysroot/usr/lib'
ac_cv_env_LIBS_set=
ac_cv_env_LIBS_value=
ac_cv_env_LT_SYS_LIBRARY_PATH_set=
ac_cv_env_LT_SYS_LIBRARY_PATH_value=
ac_cv_env_build_alias_set=
ac_cv_env_build_alias_value=
ac_cv_env_host_alias_set=
ac_cv_env_host_alias_value=
ac_cv_env_target_alias_set=
ac_cv_env_target_alias_value=
ac_cv_func___fpurge=yes
ac_cv_func_asprintf=yes
ac_cv_func_clearenv=yes
ac_cv_func_dirfd=yes
ac_cv_func_flock=yes
ac_cv_func_fopencookie=yes
ac_cv_func_funopen=no
ac_cv_func_getauxval=yes
ac_cv_func_getentropy=yes
ac_cv_func_getexecname=no
ac_cv_func_getline=yes
ac_cv_func_gid_from_group=no
ac_cv_func_group_from_gid=no
ac_cv_func_open_memstream=yes
ac_cv_func_pstat_getproc=no
ac_cv_func_sysconf=yes
ac_cv_func_uid_from_user=no
ac_cv_func_user_from_uid=no
ac_cv_func_vasprintf=yes
ac_cv_have_decl_F_CLOSEM=no
ac_cv_have_decl_environ=yes
ac_cv_header_dirent_h=yes
ac_cv_header_dlfcn_h=yes
ac_cv_header_grp_h=yes
ac_cv_header_inttypes_h=yes
ac_cv_header_minix_config_h=no
ac_cv_header_ndir_h=no
ac_cv_header_procinfo_h=no
ac_cv_header_pwd_h=yes
ac_cv_header_stdint_h=yes
ac_cv_header_stdio_ext_h=yes
ac_cv_header_stdio_h=yes
ac_cv_header_stdlib_h=yes
ac_cv_header_string_h=yes
ac_cv_header_strings_h=yes
ac_cv_header_sys_dir_h=yes
ac_cv_header_sys_ndir_h=no
ac_cv_header_sys_stat_h=yes
ac_cv_header_sys_types_h=yes
ac_cv_header_unistd_h=yes
ac_cv_header_wchar_h=yes
ac_cv_host=x86_64-pc-linux-gnu
ac_cv_lib_testu01_unif01_CreateExternGenBits=no
ac_cv_objext=o
ac_cv_path_EGREP='/usr/bin/grep -E'
ac_cv_path_EGREP_TRADITIONAL='/usr/bin/grep -E'
ac_cv_path_FGREP='/usr/bin/grep -F'
ac_cv_path_GREP=/usr/bin/grep
ac_cv_path_SED=/usr/bin/sed
ac_cv_path_install='/usr/bin/install -c'
ac_cv_path_lt_DD=/usr/bin/dd
ac_cv_path_mkdir=/usr/bin/mkdir
ac_cv_prog_AWK=mawk
ac_cv_prog_CPP='gcc -E'
ac_cv_prog_ac_ct_AR=ar
ac_cv_prog_ac_ct_CC=gcc
ac_cv_prog_ac_ct_FILECMD=file
ac_cv_prog_ac_ct_MANIFEST_TOOL=mt
ac_cv_prog_ac_ct_OBJDUMP=objdump
ac_cv_prog_ac_ct_RANLIB=ranlib
ac_cv_prog_ac_ct_STRIP=strip
ac_cv_prog_cc_c11=
ac_cv_prog_cc_g=yes
ac_cv_prog_cc_stdc=
ac_cv_prog_make_make_set=yes
ac_cv_safe_to_define___extensions__=yes
ac_cv_search_MD5Update=-lmd
ac_cv_search_clock_gettime='none required'
ac_cv_should_define__xopen_source=no
ac_cv_sizeof_off_t=8
ac_cv_sizeof_time_t=8
ac_cv_sys_largefile_opts='none needed'
ac_cv_type_gid_t=yes
ac_cv_type_mode_t=yes
ac_cv_type_off_t=yes
ac_cv_type_pid_t=yes
ac_cv_type_size_t=yes
ac_cv_type_ssize_t=yes
ac_cv_type_uid_t=yes
am_cv_CC_dependencies_compiler_type=gcc3
am_cv_ar_interface=ar
am_cv_make_support_nested_variables=yes
am_cv_prog_cc_c_o=yes
libbsd_cv_gnu_init_array_support=yes
libbsd_cv_version_script=yes
lt_cv_ar_at_file=@
lt_cv_archive_cmds_need_lc=no
lt_cv_deplibs_check_method=pass_all
lt_cv_file_magic_cmd='$MAGIC_CMD'
lt_cv_file_magic_test_file=
lt_cv_ld_reload_flag=-r
lt_cv_nm_interface='BSD nm'
lt_cv_objdir=.libs
lt_cv_path_LD=/usr/bin/ld
lt_cv_path_NM='/usr/bin/nm -B'
lt_cv_path_mainfest_tool=no
lt_cv_prog_compiler_c_o=yes
lt_cv_prog_compiler_pic='-fPIC -DPIC'
lt_cv_prog_compiler_pic_works=yes
lt_cv_prog_compiler_rtti_exceptions=no
lt_cv_prog_compiler_static_works=yes
lt_cv_prog_gnu_ld=yes
lt_cv_sharedlib_from_linklib_cmd='printf %s\n'
lt_cv_shlibpath_overrides_runpath=yes
lt_cv_sys_global_symbol_pipe='/usr/bin/sed -n -e '\''s/^.*[	 ]\([ABCDGIRSTW][ABCDGIRSTW]*\)[	 ][	 ]*\([_A-Za-z][_A-Za-z0-9]*\)$/\1 \2 \2/p'\'' | /usr/bin/sed '\''/ __gnu_lto/d'\'''
lt_cv_sys_global_symbol_to_c_name_address='/usr/bin/sed -n -e '\''s/^: \(.*\) .*$/  {"\1", (void *) 0},/p'\'' -e '\''s/^[ABCDGIRSTW][ABCDGIRSTW]* .* \(.*\)$/  {"\1", (void *) \&\1},/p'\'''
lt_cv_sys_global_symbol_to_c_name_address_lib_prefix='/usr/bin/sed -n -e '\''s/^: \(.*\) .*$/  {"\1", (void *) 0},/p'\'' -e '\''s/^[ABCDGIRSTW][ABCDGIRSTW]* .* \(lib.*\)$/  {"\1", (void *) \&\1},/p'\'' -e '\''s/^[ABCDGIRSTW][ABCDGIRSTW]* .* \(.*\)$/  {"lib\1", (void *) \&\1},/p'\'''
lt_cv_sys_global_symbol_to_cdecl='/usr/bin/sed -n -e '\''s/^T .* \(.*\)$/extern int \1();/p'\'' -e '\''s/^[ABCDGIRSTW][ABCDGIRSTW]* .* \(.*\)$/extern char \1;/p'\'''
lt_cv_sys_global_symbol_to_import=
lt_cv_sys_max_cmd_len=1572864
lt_cv_to_host_file_cmd=func_convert_file_noop
lt_cv_to_tool_file_cmd=func_convert_file_noop
lt_cv_truncate_bin='/usr/bin/dd bs=4096 count=1'

## ----------------- ##
## Output variables. ##
## ----------------- ##

ABI_ACCMODE_FALSE='#'
ABI_ACCMODE_TRUE=''
ABI_ARC4RANDOM_FALSE='#'
ABI_ARC4RANDOM_STIR_FALSE='#'
ABI_ARC4RANDOM_STIR_TRUE=''
ABI_ARC4RANDOM_TRUE=''
ABI_ASPRINTF_FALSE=''
ABI_ASPRINTF_TRUE='#'
ABI_BSD_GETOPT_FALSE='#'
ABI_BSD_GETOPT_TRUE=''
ABI_CLOSEFROM_FALSE='#'
ABI_CLOSEFROM_TRUE=''
ABI_ERRC_FALSE='#'
ABI_ERRC_TRUE=''
ABI_ERR_FALSE=''
ABI_ERR_H_FALSE='#'
ABI_ERR_H_TRUE=''
ABI_ERR_TRUE='#'
ABI_EXPAND_NUMBER_FALSE='#'
ABI_EXPAND_NUMBER_TRUE=''
ABI_EXPLICIT_BZERO_FALSE='#'
ABI_EXPLICIT_BZERO_TRUE=''
ABI_FGETLN_FALSE='#'
ABI_FGETLN_TRUE=''
ABI_FLOPEN_FALSE='#'
ABI_FLOPEN_TRUE=''
ABI_FMTCHECK_FALSE='#'
ABI_FMTCHECK_TRUE=''
ABI_FPURGE_FALSE='#'
ABI_FPURGE_TRUE=''
ABI_FREEZERO_FALSE='#'
ABI_FREEZERO_TRUE=''
ABI_FUNOPEN_FALSE='#'
ABI_FUNOPEN_TRUE=''
ABI_GETBSIZE_FALSE='#'
ABI_GETBSIZE_TRUE=''
ABI_GETPEEREID_FALSE='#'
ABI_GETPEEREID_TRUE=''
ABI_HUMANIZE_NUMBER_FALSE='#'
ABI_HUMANIZE_NUMBER_TRUE=''
ABI_ID_FROM_NAME_FALSE='#'
ABI_ID_FROM_NAME_TRUE=''
ABI_INET_NET_PTON_FALSE='#'
ABI_INET_NET_PTON_TRUE=''
ABI_MD5_FALSE='#'
ABI_MD5_TRUE=''
ABI_NAME_FROM_ID_FALSE='#'
ABI_NAME_FROM_ID_TRUE=''
ABI_NLIST_FALSE='#'
ABI_NLIST_TRUE=''
ABI_PIDFILE_FALSE='#'
ABI_PIDFILE_TRUE=''
ABI_PROCTITLE_FALSE='#'
ABI_PROCTITLE_TRUE=''
ABI_PROGNAME_FALSE='#'
ABI_PROGNAME_TRUE=''
ABI_PWCACHE_FALSE='#'
ABI_PWCACHE_TRUE=''
ABI_READPASSPHRASE_FALSE='#'
ABI_READPASSPHRASE_TRUE=''
ABI_REALLOCARRAY_FALSE='#'
ABI_REALLOCARRAY_TRUE=''
ABI_REALLOCF_FALSE='#'
ABI_REALLOCF_TRUE=''
ABI_RECALLOCARRAY_FALSE='#'
ABI_RECALLOCARRAY_TRUE=''
ABI_SORT_FALSE='#'
ABI_SORT_TRUE=''
ABI_STRINGLIST_FALSE='#'
ABI_STRINGLIST_TRUE=''
ABI_STRL_FALSE='#'
ABI_STRL_TRUE=''
ABI_STRMODE_FALSE='#'
ABI_STRMODE_TRUE=''
ABI_STRNSTR_FALSE='#'
ABI_STRNSTR_TRUE=''
ABI_STRTONUM_FALSE='#'
ABI_STRTONUM_TRUE=''
ABI_STRTOX_FALSE='#'
ABI_STRTOX_TRUE=''
ABI_TIME64_FALSE=''
ABI_TIME64_TRUE='#'
ABI_TIMECONV_FALSE='#'
ABI_TIMECONV_TRUE=''
ABI_TRANSPARENT_LIBMD_FALSE='#'
ABI_TRANSPARENT_LIBMD_TRUE=''
ABI_VIS_FALSE='#'
ABI_VIS_TRUE=''
ABI_WCSL_FALSE='#'
ABI_WCSL_TRUE=''
ACLOCAL='${SHELL} '\''/home/mearvk/IdeaProjects/Ubuntu.Determinant.Alpha.Restricted/userland/x11/_build/libbsd-0.12.2/build-aux/missing'\'' aclocal-1.16'
AMDEPBACKSLASH='\'
AMDEP_FALSE='#'
AMDEP_TRUE=''
AMTAR='$${TAR-tar}'
AM_BACKSLASH='\'
AM_DEFAULT_V='$(AM_DEFAULT_VERBOSITY)'
AM_DEFAULT_VERBOSITY='0'
AM_V='$(V)'
API_TIME_MACROS_FALSE=''
API_TIME_MACROS_TRUE='#'
AR='ar'
AUTOCONF='${SHELL} '\''/home/mearvk/IdeaProjects/Ubuntu.Determinant.Alpha.Restricted/userland/x11/_build/libbsd-0.12.2/build-aux/missing'\'' autoconf'
AUTOHEADER='${SHELL} '\''/home/mearvk/IdeaProjects/Ubuntu.Determinant.Alpha.Restricted/userland/x11/_build/libbsd-0.12.2/build-aux/missing'\'' autoheader'
AUTOMAKE='${SHELL} '\''/home/mearvk/IdeaProjects/Ubuntu.Determinant.Alpha.Restricted/userland/x11/_build/libbsd-0.12.2/build-aux/missing'\'' automake-1.16'
AWK='mawk'
BUILD_LIBBSD_CTOR_FALSE='#'
BUILD_LIBBSD_CTOR_TRUE=''
CC='gcc'
CCDEPMODE='depmode=gcc3'
CFLAGS='-I/home/mearvk/IdeaProjects/Ubuntu.Determinant.Alpha.Restricted/userland/x11/_build/sysroot/usr/include'
CPP='gcc -E'
CPPFLAGS=''
CSCOPE='cscope'
CTAGS='ctags'
CYGPATH_W='echo'
DEFS='-DHAVE_CONFIG_H'
DEPDIR='.deps'
DLLTOOL='false'
DSYMUTIL=''
DUMPBIN=''
ECHO_C=''
ECHO_N='-n'
ECHO_T=''
EGREP='/usr/bin/grep -E'
ETAGS='etags'
EXEEXT=''
FGREP='/usr/bin/grep -F'
FILECMD='file'
GREP='/usr/bin/grep'
HAVE_GETENTROPY_FALSE='#'
HAVE_GETENTROPY_TRUE=''
HAVE_LIBTESTU01_FALSE=''
HAVE_LIBTESTU01_TRUE='#'
HAVE_LINKER_VERSION_SCRIPT_FALSE='#'
HAVE_LINKER_VERSION_SCRIPT_TRUE=''
INSTALL_DATA='${INSTALL} -m 644'
INSTALL_PROGRAM='${INSTALL}'
INSTALL_SCRIPT='${INSTALL}'
INSTALL_STRIP_PROGRAM='$(install_sh) -c -s'
LD='/usr/bin/ld -m elf_x86_64'
LDFLAGS='-L/home/mearvk/IdeaProjects/Ubuntu.Determinant.Alpha.Restricted/userland/x11/_build/sysroot/usr/lib -Wl,-rpath-link,/home/mearvk/IdeaProjects/Ubuntu.Determinant.Alpha.Restricted/userland/x11/_build/sysroot/usr/lib'
LIBBSD_LIBS=''
LIBBSD_SYS_HAS_TIME64='1'
LIBBSD_SYS_HAS_TIME64_FALSE='#'
LIBBSD_SYS_HAS_TIME64_TRUE=''
LIBBSD_SYS_IS_TIME32_FALSE=''
LIBBSD_SYS_IS_TIME32_TRUE='#'
LIBBSD_SYS_TIME_BITS='64'
LIBOBJS=''
LIBS=''
LIBTOOL='$(SHELL) $(top_builddir)/libtool'
LIPO=''
LN_S='ln -s'
LTLIBOBJS=''
LT_SYS_LIBRARY_PATH=''
MAKEINFO='${SHELL} '\''/home/mearvk/IdeaProjects/Ubuntu.Determinant.Alpha.Restricted/userland/x11/_build/libbsd-0.12.2/build-aux/missing'\'' makeinfo'
MANIFEST_TOOL=':'
MD5_LIBS=' -lmd'
MKDIR_P='/usr/bin/mkdir -p'
NM='/usr/bin/nm -B'
NMEDIT=''
OBJDUMP='objdump'
OBJEXT='o'
OS_WINDOWS_FALSE=''
OS_WINDOWS_TRUE='#'
OTOOL64=''
OTOOL=''
PACKAGE='libbsd'
PACKAGE_BUGREPORT='libbsd@lists.freedesktop.org'
PACKAGE_NAME='libbsd'
PACKAGE_STRING='libbsd 0.12.2'
PACKAGE_TARNAME='libbsd'
PACKAGE_URL=''
PACKAGE_VERSION='0.12.2'
PATH_SEPARATOR=':'
RANLIB='ranlib'
SED='/usr/bin/sed'
SET_MAKE=''
SHELL='/bin/bash'
SOVERSION='0:12:2'
STRIP='strip'
TESTU01_LIBS=''
VERSION='0.12.2'
ac_ct_AR='ar'
ac_ct_CC='gcc'
ac_ct_DUMPBIN=''
am__EXEEXT_FALSE=''
am__EXEEXT_TRUE='#'
am__fastdepCC_FALSE='#'
am__fastdepCC_TRUE=''
am__include='include'
am__isrc=''
am__leading_dot='.'
am__nodep='_no'
am__quote=''
am__tar='$${TAR-tar} chof - "$$tardir"'
am__untar='$${TAR-tar} xf -'
bindir='${exec_prefix}/bin'
build='x86_64-pc-linux-gnu'
build_alias=''
build_cpu='x86_64'
build_os='linux-gnu'
build_vendor='pc'
datadir='${datarootdir}'
datarootdir='${prefix}/share'
docdir='${datarootdir}/doc/${PACKAGE_TARNAME}'
dvidir='${docdir}'
exec_prefix='${prefix}'
host='x86_64-pc-linux-gnu'
host_alias=''
host_cpu='x86_64'
host_os='linux-gnu'
host_vendor='pc'
htmldir='${docdir}'
includedir='${prefix}/include'
infodir='${datarootdir}/info'
install_sh='${SHELL} /home/mearvk/IdeaProjects/Ubuntu.Determinant.Alpha.Restricted/userland/x11/_build/libbsd-0.12.2/build-aux/install-sh'
libdir='/usr/lib'
libexecdir='${exec_prefix}/libexec'
localedir='${datarootdir}/locale'
localstatedir='${prefix}/var'
mandir='${datarootdir}/man'
mkdir_p='$(MKDIR_P)'
oldincludedir='/usr/include'
pdfdir='${docdir}'
prefix='/usr'
program_transform_name='s,x,x,'
psdir='${docdir}'
runstatedir='${localstatedir}/run'
sbindir='${exec_prefix}/sbin'
sharedstatedir='${prefix}/com'
sysconfdir='${prefix}/etc'
target_alias=''

## ----------- ##
## confdefs.h. ##
## ----------- ##

/* confdefs.h */
#define PACKAGE_NAME "libbsd"
#define PACKAGE_TARNAME "libbsd"
#define PACKAGE_VERSION "0.12.2"
#define PACKAGE_STRING "libbsd 0.12.2"
#define PACKAGE_BUGREPORT "libbsd@lists.freedesktop.org"
#define PACKAGE_URL ""
#define PACKAGE "libbsd"
#define VERSION "0.12.2"
#define HAVE_STDIO_H 1
#define HAVE_STDLIB_H 1
#define HAVE_STRING_H 1
#define HAVE_INTTYPES_H 1
#define HAVE_STDINT_H 1
#define HAVE_STRINGS_H 1
#define HAVE_SYS_STAT_H 1
#define HAVE_SYS_TYPES_H 1
#define HAVE_UNISTD_H 1
#define HAVE_WCHAR_H 1
#define STDC_HEADERS 1
#define _ALL_SOURCE 1
#define _DARWIN_C_SOURCE 1
#define _GNU_SOURCE 1
#define _HPUX_ALT_XOPEN_SOCKET_API 1
#define _NETBSD_SOURCE 1
#define _OPENBSD_SOURCE 1
#define _POSIX_PTHREAD_SEMANTICS 1
#define __STDC_WANT_IEC_60559_ATTRIBS_EXT__ 1
#define __STDC_WANT_IEC_60559_BFP_EXT__ 1
#define __STDC_WANT_IEC_60559_DFP_EXT__ 1
#define __STDC_WANT_IEC_60559_EXT__ 1
#define __STDC_WANT_IEC_60559_FUNCS_EXT__ 1
#define __STDC_WANT_IEC_60559_TYPES_EXT__ 1
#define __STDC_WANT_LIB_EXT2__ 1
#define __STDC_WANT_MATH_SPEC_FUNCS__ 1
#define _TANDEM_SOURCE 1
#define __EXTENSIONS__ 1
#define SIZEOF_TIME_T 8
#define LIBBSD_SYS_TIME_BITS 64
#define SIZEOF_TIME_T 8
#define LIBBSD_SYS_HAS_TIME64 1
#define LIBBSD_ABI_TIME64 0
#define SIZEOF_OFF_T 8
#define HAVE_DLFCN_H 1
#define LT_OBJDIR ".libs/"
#define HAVE_GETENTROPY 1
#define HAVE_SYS_DIR_H 1
#define HAVE_DIRENT_H 1
#define HAVE_PWD_H 1
#define HAVE_GRP_H 1
#define HAVE_STDIO_EXT_H 1
#define HAVE_TYPEOF 1
#define HAVE_DECL_ENVIRON 1
#define HAVE_PROGRAM_INVOCATION_SHORT_NAME 1
#define HAVE___PROGNAME 1
#define HAVE___REGISTER_ATFORK 1
#define HAVE_VASPRINTF 1
#define HAVE_ASPRINTF 1
#define HAVE_CLEARENV 1
#define HAVE_DIRFD 1
#define HAVE_FLOCK 1
#define HAVE_FOPENCOOKIE 1
#define HAVE___FPURGE 1
#define HAVE_GETAUXVAL 1
#define HAVE_GETENTROPY 1
#define HAVE_GETLINE 1
#define HAVE_OPEN_MEMSTREAM 1
#define HAVE_SYSCONF 1
#define LIBBSD_API_TIME_MACROS 0
#define LIBBSD_ABI_ACCMODE 1
#define LIBBSD_ABI_ARC4RANDOM 1
#define LIBBSD_ABI_ARC4RANDOM_STIR 1
#define LIBBSD_ABI_ASPRINTF 0
#define LIBBSD_ABI_BSD_GETOPT 1
#define LIBBSD_ABI_CLOSEFROM 1
#define LIBBSD_ABI_ERR_H 1
#define LIBBSD_ABI_ERR 0
#define LIBBSD_ABI_ERRC 1
#define LIBBSD_ABI_EXPAND_NUMBER 1
#define LIBBSD_ABI_EXPLICIT_BZERO 1
#define LIBBSD_ABI_FGETLN 1
#define LIBBSD_ABI_FLOPEN 1
#define LIBBSD_ABI_FMTCHECK 1
#define LIBBSD_ABI_FPURGE 1
#define LIBBSD_ABI_FREEZERO 1
#define LIBBSD_ABI_FUNOPEN 1
#define LIBBSD_ABI_GETBSIZE 1
#define LIBBSD_ABI_GETPEEREID 1
#define LIBBSD_ABI_HUMANIZE_NUMBER 1
#define LIBBSD_ABI_ID_FROM_NAME 1
#define LIBBSD_ABI_INET_NET_PTON 1
#define LIBBSD_ABI_MD5 1
#define LIBBSD_ABI_NAME_FROM_ID 1
#define LIBBSD_ABI_NLIST 1
#define LIBBSD_ABI_PIDFILE 1
#define LIBBSD_ABI_PROCTITLE 1
#define LIBBSD_ABI_PROGNAME 1
#define LIBBSD_ABI_PWCACHE 1
#define LIBBSD_ABI_READPASSPHRASE 1
#define LIBBSD_ABI_REALLOCARRAY 1
#define LIBBSD_ABI_REALLOCF 1
#define LIBBSD_ABI_RECALLOCARRAY 1
#define LIBBSD_ABI_STRINGLIST 1
#define LIBBSD_ABI_SORT 1
#define LIBBSD_ABI_STRL 1
#define LIBBSD_ABI_STRMODE 1
#define LIBBSD_ABI_STRNSTR 1
#define LIBBSD_ABI_STRTONUM 1
#define LIBBSD_ABI_STRTOX 1
#define LIBBSD_ABI_TIMECONV 1
#define LIBBSD_ABI_TRANSPARENT_LIBMD 1
#define LIBBSD_ABI_VIS 1
#define LIBBSD_ABI_WCSL 1

configure: exit 0
